{
    "@context": [
        "http://www.w3.org/ns/csvw",
        {
            "@language": "cs"
        }
    ],
    "@id": "ac89f189-8255-424a-91e9-56aa20171953/table.csv-metadata.json",
    "@type": "Table",
    "url": "table.csv",
    "tableSchema": {
        "@type": "Schema",
        "columns": [
            {
                "@type": "Column",
                "name": "je_zaps%C3%A1n_v_rejst%C5%99%C3%ADku_webov%C3%A1_str%C3%A1nka_rejst%C5%99%C3%ADku_svazku_obc%C3%AD",
                "titles": "je_zapsán_v_rejstříku_webová_stránka_rejstříku_svazku_obcí",
                "dc:title": {
                    "@value": "webová stránka rejstříku svazku obcí",
                    "@language": "cs"
                },
                "dc:description": {
                    "@value": "Webová stránka rejstříku svazku obcí",
                    "@language": "cs"
                },
                "propertyUrl": "https://slovník.gov.cz/generický/rejstřík-svazků-obcí/pojem/webová-stránka-rejstříku-svazku-obcí"
            },
            {
                "@type": "Column",
                "name": "je_zaps%C3%A1n_v_rejst%C5%99%C3%ADku_provozovatel_rejst%C5%99%C3%ADku_svazku_obc%C3%AD",
                "titles": "je_zapsán_v_rejstříku_provozovatel_rejstříku_svazku_obcí",
                "dc:title": {
                    "@value": "provozovatel rejstříku svazku obcí",
                    "@language": "cs"
                },
                "dc:description": {
                    "@value": "IRI z RÚIAN pro kraj, který provozuje daný rejstřík",
                    "@language": "cs"
                },
                "propertyUrl": "https://slovník.gov.cz/generický/rejstřík-svazků-obcí/pojem/provozovatel-rejstříku-svazku-obcí",
                "required": true
            },
            {
                "@type": "Column",
                "name": "n%C3%A1zev_svazku_obc%C3%AD",
                "titles": "název_svazku_obcí",
                "dc:title": {
                    "@value": "název svazku obcí",
                    "@language": "cs"
                },
                "dc:description": {
                    "@value": "název dobrovolného svazku obcí ",
                    "@language": "cs"
                },
                "propertyUrl": "https://slovník.gov.cz/generický/rejstřík-svazků-obcí/pojem/název-svazku-obcí",
                "datatype": "string",
                "lang": "cs",
                "required": true
            },
            {
                "@type": "Column",
                "name": "datum_vzniku_svazku_obc%C3%AD",
                "titles": "datum_vzniku_svazku_obcí",
                "dc:title": {
                    "@value": "datum vzniku svazku obcí",
                    "@language": "cs"
                },
                "dc:description": {
                    "@value": "datum vzniku dobrovolného svazku obcí ",
                    "@language": "cs"
                },
                "propertyUrl": "https://slovník.gov.cz/generický/rejstřík-svazků-obcí/pojem/datum-vzniku-svazku-obcí",
                "required": true
            },
            {
                "@type": "Column",
                "name": "datum_zru%C5%A1en%C3%AD_svazku_obc%C3%AD",
                "titles": "datum_zrušení_svazku_obcí",
                "dc:title": {
                    "@value": "datum zrušení svazku obcí",
                    "@language": "cs"
                },
                "dc:description": {
                    "@value": "datum zrušení dobrovolného svazku obcí ",
                    "@language": "cs"
                },
                "propertyUrl": "https://slovník.gov.cz/generický/rejstřík-svazků-obcí/pojem/datum-zrušení-svazku-obcí"
            },
            {
                "@type": "Column",
                "name": "datum_z%C3%A1niku_svazku_obc%C3%AD",
                "titles": "datum_zániku_svazku_obcí",
                "dc:title": {
                    "@value": "datum zániku svazku obcí",
                    "@language": "cs"
                },
                "dc:description": {
                    "@value": "datum zániku dobrovolného svazku obcí ",
                    "@language": "cs"
                },
                "propertyUrl": "https://slovník.gov.cz/generický/rejstřík-svazků-obcí/pojem/datum-zániku-svazku-obcí"
            },
            {
                "@type": "Column",
                "name": "identifika%C4%8Dn%C3%AD_%C4%8D%C3%ADslo_svazku_obc%C3%AD",
                "titles": "identifikační_číslo_svazku_obcí",
                "dc:title": {
                    "@value": "identifikační číslo svazku obcí",
                    "@language": "cs"
                },
                "dc:description": {
                    "@value": "IČO dobrovolného svazku obcí",
                    "@language": "cs"
                },
                "propertyUrl": "https://slovník.gov.cz/generický/rejstřík-svazků-obcí/pojem/identifikační-číslo-svazku-obcí",
                "required": true
            },
            {
                "@type": "Column",
                "name": "pr%C3%A1vn%C3%AD_d%C5%AFvod_zru%C5%A1en%C3%AD_svazku_obc%C3%AD",
                "titles": "právní_důvod_zrušení_svazku_obcí",
                "dc:title": {
                    "@value": "právní důvod zrušení svazku obcí",
                    "@language": "cs"
                },
                "dc:description": {
                    "@value": "právní důvod zrušení dobrovolného svazku obcí ",
                    "@language": "cs"
                },
                "propertyUrl": "https://slovník.gov.cz/generický/rejstřík-svazků-obcí/pojem/právní-důvod-zrušení-svazku-obcí",
                "datatype": "string",
                "lang": "cs"
            },
            {
                "@type": "Column",
                "name": "p%C5%99edm%C4%9Bt_%C4%8Dinnosti_svazku_obc%C3%AD",
                "titles": "předmět_činnosti_svazku_obcí",
                "dc:title": {
                    "@value": "předmět činnosti svazku obcí",
                    "@language": "cs"
                },
                "dc:description": {
                    "@value": "předmět činnosti dobrovolného svazku obcí ",
                    "@language": "cs"
                },
                "propertyUrl": "https://slovník.gov.cz/generický/rejstřík-svazků-obcí/pojem/předmět-činnosti-svazku-obcí",
                "datatype": "string",
                "lang": "cs",
                "required": true
            },
            {
                "@type": "Column",
                "name": "webov%C3%A1_str%C3%A1nka_svazku_obc%C3%AD",
                "titles": "webová_stránka_svazku_obcí",
                "dc:title": {
                    "@value": "webová stránka svazku obcí",
                    "@language": "cs"
                },
                "dc:description": {
                    "@value": "webová stránka dobrovolného svazku obcí ve formátu URL ",
                    "@language": "cs"
                },
                "propertyUrl": "https://slovník.gov.cz/generický/rejstřík-svazků-obcí/pojem/webová-stránka-svazku-obcí",
                "required": true
            },
            {
                "@type": "Column",
                "name": "m%C3%A1_s%C3%ADdlo_na_adrese",
                "titles": "má_sídlo_na_adrese",
                "dc:title": {
                    "@value": "má adresu",
                    "@language": "cs"
                },
                "propertyUrl": "https://slovník.gov.cz/generický/umístění/pojem/má-adresu",
                "datatype": "string",
                "required": true
            },
            {
                "@type": "Column",
                "name": "sou%C5%99adnice_s%C3%ADdla",
                "titles": "souřadnice_sídla",
                "dc:title": [
                    {
                        "@value": "coordinates",
                        "@language": "en"
                    },
                    {
                        "@value": "souřadnice",
                        "@language": "cs"
                    }
                ],
                "propertyUrl": "https://slovník.gov.cz/generický/umístění/pojem/souřadnice"
            },
            {
                "@type": "Column",
                "name": "m%C3%A1_zdroj_v%C3%BD%C4%8Dtu_%C4%8Dlen%C5%AF",
                "titles": "má_zdroj_výčtu_členů",
                "dc:title": {
                    "@value": "má zdroj výčtu členů",
                    "@language": "cs"
                },
                "propertyUrl": "https://slovník.gov.cz/generický/rejstřík-svazků-obcí/pojem/má-zdroj-výčtu-členů",
                "valueUrl": "{+m%C3%A1_zdroj_v%C3%BD%C4%8Dtu_%C4%8Dlen%C5%AF}",
                "datatype": "anyURI",
                "required": true
            },
            {
                "@type": "Column",
                "name": "webov%C3%A1_str%C3%A1nka_sb%C3%ADrky_listin",
                "titles": "webová_stránka_sbírky_listin",
                "dc:title": {
                    "@value": "webová stránka sbírky listin",
                    "@language": "cs"
                },
                "dc:description": {
                    "@value": "webová stránka, kde je k dispozici uveřejněná sbírka listin",
                    "@language": "cs"
                },
                "propertyUrl": "https://slovník.gov.cz/generický/rejstřík-svazků-obcí/pojem/webová-stránka-sbírky-listin",
                "required": true
            },
            {
                "@type": "Column",
                "name": "identifik%C3%A1tor_datov%C3%A9_schr%C3%A1nky",
                "titles": "identifikátor_datové_schránky",
                "dc:title": [
                    {
                        "@value": "Identifikátor datové schránky",
                        "@language": "cs"
                    },
                    {
                        "@value": "Data box identifier",
                        "@language": "en"
                    }
                ],
                "propertyUrl": "https://slovník.gov.cz/legislativní/sbírka/300/2008/pojem/identifikátor-datové-schránky"
            },
            {
                "@type": "Column",
                "name": "m%C3%A1_org%C3%A1ny_zp%C5%AFsob_jedn%C3%A1n%C3%AD",
                "titles": "má_orgány_způsob_jednání",
                "dc:title": {
                    "@value": "způsob jednání",
                    "@language": "cs"
                },
                "dc:description": {
                    "@value": "Text popisující, jakým způsobem orgán zastupuje svazek",
                    "@language": "cs"
                },
                "propertyUrl": "https://slovník.gov.cz/generický/rejstřík-svazků-obcí/pojem/způsob-jednání",
                "required": true
            },
            {
                "@type": "Column",
                "name": "m%C3%A1_org%C3%A1ny_n%C3%A1zev_org%C3%A1nu",
                "titles": "má_orgány_název_orgánu",
                "dc:title": {
                    "@value": "název orgánu",
                    "@language": "cs"
                },
                "dc:description": {
                    "@value": "Oficiální název orgánu svazku obcí (např. Valná hromada, Předsednictvo, Kontrolní komise)",
                    "@language": "cs"
                },
                "propertyUrl": "https://slovník.gov.cz/generický/rejstřík-svazků-obcí/pojem/název-orgánu",
                "required": true
            },
            {
                "@type": "Column",
                "name": "m%C3%A1_org%C3%A1ny_obsahuje_funkce_den_vzniku_funkce",
                "titles": "má_orgány_obsahuje_funkce_den_vzniku_funkce",
                "dc:title": {
                    "@value": "den vzniku funkce",
                    "@language": "cs"
                },
                "dc:description": {
                    "@value": "Datum vzniku funkce orgánu dobrovolného svazku obcí",
                    "@language": "cs"
                },
                "propertyUrl": "https://slovník.gov.cz/generický/rejstřík-svazků-obcí/pojem/den-vzniku-funkce"
            },
            {
                "@type": "Column",
                "name": "m%C3%A1_org%C3%A1ny_obsahuje_funkce_den_z%C3%A1niku_funkce",
                "titles": "má_orgány_obsahuje_funkce_den_zániku_funkce",
                "dc:title": {
                    "@value": "den zániku funkce",
                    "@language": "cs"
                },
                "dc:description": {
                    "@value": "Datum zrušení funkce orgánu dobrovolného svazku obcí",
                    "@language": "cs"
                },
                "propertyUrl": "https://slovník.gov.cz/generický/rejstřík-svazků-obcí/pojem/den-zániku-funkce"
            },
            {
                "@type": "Column",
                "name": "m%C3%A1_org%C3%A1ny_obsahuje_funkce_n%C3%A1zev_funkce",
                "titles": "má_orgány_obsahuje_funkce_název_funkce",
                "dc:title": {
                    "@value": "název funkce",
                    "@language": "cs"
                },
                "dc:description": {
                    "@value": "Název funkce orgánu svazku obcí",
                    "@language": "cs"
                },
                "propertyUrl": "https://slovník.gov.cz/generický/rejstřík-svazků-obcí/pojem/název-funkce",
                "datatype": "string",
                "lang": "cs"
            },
            {
                "@type": "Column",
                "name": "m%C3%A1_org%C3%A1ny_obsahuje_funkce_je_vykon%C3%A1v%C3%A1na_osobou_p%C5%99%C3%ADjmen%C3%AD",
                "titles": "má_orgány_obsahuje_funkce_je_vykonávána_osobou_příjmení",
                "dc:title": {
                    "@value": "příjmení",
                    "@language": "cs"
                },
                "dc:description": {
                    "@value": "Příjmení osoby vykonávající působnost orgánu",
                    "@language": "cs"
                },
                "propertyUrl": "https://slovník.gov.cz/generický/rejstřík-svazků-obcí/pojem/příjmení"
            },
            {
                "@type": "Column",
                "name": "m%C3%A1_org%C3%A1ny_obsahuje_funkce_je_vykon%C3%A1v%C3%A1na_osobou_jm%C3%A9no",
                "titles": "má_orgány_obsahuje_funkce_je_vykonávána_osobou_jméno",
                "dc:title": {
                    "@value": "jméno",
                    "@language": "cs"
                },
                "dc:description": {
                    "@value": "Křestní jméno osoby vykonávající působnost orgánu",
                    "@language": "cs"
                },
                "propertyUrl": "https://slovník.gov.cz/generický/rejstřík-svazků-obcí/pojem/jméno"
            },
            {
                "@type": "Column",
                "name": "m%C3%A1_org%C3%A1ny_obsahuje_funkce_je_vykon%C3%A1v%C3%A1na_osobou_m%C3%A1_bydli%C5%A1t%C4%9B_na_adrese",
                "titles": "má_orgány_obsahuje_funkce_je_vykonávána_osobou_má_bydliště_na_adrese",
                "dc:title": {
                    "@value": "má bydliště na adrese",
                    "@language": "cs"
                },
                "propertyUrl": "https://slovník.gov.cz/generický/rejstřík-svazků-obcí/pojem/má-bydliště-na-adrese",
                "valueUrl": "{+m%C3%A1_org%C3%A1ny_obsahuje_funkce_je_vykon%C3%A1v%C3%A1na_osobou_m%C3%A1_bydli%C5%A1t%C4%9B_na_adrese}",
                "datatype": "anyURI"
            },
            {
                "@type": "Column",
                "name": "m%C3%A1_%C4%8Dlenskou_obci_den_vzniku_%C4%8Dlenstv%C3%AD",
                "titles": "má_členskou_obci_den_vzniku_členství",
                "dc:title": {
                    "@value": "den vzniku členství",
                    "@language": "cs"
                },
                "dc:description": {
                    "@value": "Datum, kdy obec oficiálně vstoupila do daného DSO a stala se jeho členem",
                    "@language": "cs"
                },
                "propertyUrl": "https://slovník.gov.cz/generický/rejstřík-svazků-obcí/pojem/den-vzniku-členství"
            },
            {
                "@type": "Column",
                "name": "m%C3%A1_%C4%8Dlenskou_obci_den_z%C3%A1niku_%C4%8Dlenstv%C3%AD",
                "titles": "má_členskou_obci_den_zániku_členství",
                "dc:title": {
                    "@value": "den zániku členství",
                    "@language": "cs"
                },
                "dc:description": {
                    "@value": "Datum, kdy obec ukončila své členství ve svazku, buď na základě rozhodnutí nebo z jiného důvodu (např. zánik svazku nebo vystoupení obce)",
                    "@language": "cs"
                },
                "propertyUrl": "https://slovník.gov.cz/generický/rejstřík-svazků-obcí/pojem/den-zániku-členství"
            },
            {
                "@type": "Column",
                "name": "m%C3%A1_%C4%8Dlenskou_obci_kraj_obce",
                "titles": "má_členskou_obci_kraj_obce",
                "dc:title": {
                    "@value": "kraj obce",
                    "@language": "cs"
                },
                "dc:description": {
                    "@value": "Název správního regionu, do kterého členská obec spadá",
                    "@language": "cs"
                },
                "propertyUrl": "https://slovník.gov.cz/generický/rejstřík-svazků-obcí/pojem/kraj-obce"
            },
            {
                "@type": "Column",
                "name": "m%C3%A1_%C4%8Dlenskou_obci_k%C3%B3d_obce",
                "titles": "má_členskou_obci_kód_obce",
                "dc:title": {
                    "@value": "kód obce",
                    "@language": "cs"
                },
                "dc:description": {
                    "@value": "Kód členské obce dle RÚIAN (Registr územní identifikace, adres a nemovitostí) nebo CISOB (Centrální evidence svazků obcí), který slouží k jednoznačné identifikaci obce v těchto registrech.",
                    "@language": "cs"
                },
                "propertyUrl": "https://slovník.gov.cz/generický/rejstřík-svazků-obcí/pojem/kód-obce"
            },
            {
                "@type": "Column",
                "name": "m%C3%A1_%C4%8Dlenskou_obci_n%C3%A1zev_obce",
                "titles": "má_členskou_obci_název_obce",
                "dc:title": {
                    "@value": "název obce",
                    "@language": "cs"
                },
                "dc:description": {
                    "@value": "Oficiální název obce, používaný pro její identifikaci v právních a administrativních dokumentech",
                    "@language": "cs"
                },
                "propertyUrl": "https://slovník.gov.cz/generický/rejstřík-svazků-obcí/pojem/název-obce"
            },
            {
                "@type": "Column",
                "name": "m%C3%A1_%C4%8Dlenskou_obci_identifika%C4%8Dn%C3%AD_%C4%8D%C3%ADslo_obce",
                "titles": "má_členskou_obci_identifikační_číslo_obce",
                "dc:title": {
                    "@value": "identifikační číslo obce",
                    "@language": "cs"
                },
                "propertyUrl": "https://slovník.gov.cz/generický/rejstřík-svazků-obcí/pojem/identifikační-číslo-obce"
            },
            {
                "@type": "Column",
                "name": "m%C3%A1_%C4%8Dlenskou_obci_sou%C5%99adnice",
                "titles": "má_členskou_obci_souřadnice",
                "dc:title": [
                    {
                        "@value": "coordinates",
                        "@language": "en"
                    },
                    {
                        "@value": "souřadnice",
                        "@language": "cs"
                    }
                ],
                "propertyUrl": "https://slovník.gov.cz/generický/umístění/pojem/souřadnice"
            },
            {
                "@type": "Column",
                "propertyUrl": "rdf:type",
                "valueUrl": "https://slovník.gov.cz/generický/rejstřík-svazků-obcí/pojem/dobrovolný-svazek-obcí",
                "virtual": true
            }
        ]
    }
}