{
  "$schema": "https://json-schema.org/draft/2020-12/schema",
  "$id": "https://ofn.gov.cz/dobrovolný-svazek-obcí/draft/rejstřík-svazků-obcí/schema.json",
  "title": "Rejstřík svazků obcí",
  "description": "Rejstřík svazků obcí vedený u krajského úřadu příslušného podle sídla svazku obcí.",
  "type": "object",
  "required": [
    "id",
    "type",
    "provozovatel_rejstříku_svazku_obcí"
  ],
  "properties": {
    "id": {
      "type": "string",
      "format": "iri"
    },
    "type": {
      "oneOf": [
        {
          "const": "Rejstřík svazků obcí"
        },
        {
          "type": "array",
          "contains": {
            "const": "Rejstřík svazků obcí"
          },
          "items": {
            "type": "string"
          }
        }
      ]
    },
    "provozovatel_rejstříku_svazku_obcí": {
      "title": "provozovatel rejstříku svazku obcí",
      "description": "IRI z RÚIAN pro kraj, který provozuje daný rejstřík",
      "type": "string",
      "format": "iri",
      "pattern": "^https://linked.cuzk.cz/resource/ruian/vusc/[0-9]+$"
    },
    "webová_stránka_rejstříku_svazku_obcí": {
      "title": "webová stránka rejstříku svazku obcí",
      "description": "Webová stránka rejstříku svazku obcí",
      "type": "string",
      "format": "iri"
    },
    "je_zapsán_v_rejstříku": {
      "type": "array",
      "items": {
        "title": "Dobrovolný svazek obcí",
        "description": "Svazek obcí je právnickou osobou, která vede účetnictví podle zákona o účetnictví. ",
        "type": "object",
        "required": [
          "id",
          "type",
          "identifikační_číslo_svazku_obcí",
          "název_svazku_obcí",
          "datum_vzniku_svazku_obcí",
          "datum_zániku_svazku_obcí",
          "předmět_činnosti_svazku_obcí",
          "webová_stránka_svazku_obcí",
          "má_zdroj_výčtu_členů",
          "má_datovou_schránku",
          "eviduje_sbírku_listin",
          "má_sídlo",
          "je_orgánem_svazku_obcí"
        ],
        "properties": {
          "id": {
            "type": "string",
            "format": "iri"
          },
          "type": {
            "oneOf": [
              {
                "const": "Dobrovolný svazek obcí"
              },
              {
                "type": "array",
                "contains": {
                  "const": "Dobrovolný svazek obcí"
                },
                "items": {
                  "type": "string"
                }
              }
            ]
          },
          "identifikační_číslo_svazku_obcí": {
            "title": "identifikační číslo svazku obcí",
            "description": "IČO dobrovolného svazku obcí",
            "type": "integer"
          },
          "název_svazku_obcí": {
            "title": "název svazku obcí",
            "description": "název dobrovolného svazku obcí ",
            "type": "object",
            "additionalProperties": {
              "title": "Hodnota v jiném jazyce",
              "type": "string"
            },
            "required": [
              "cs"
            ],
            "properties": {
              "cs": {
                "title": "Hodnota v českém jazyce",
                "type": "string"
              },
              "en": {
                "title": "Hodnota v anglickém jazyce",
                "type": "string"
              }
            }
          },
          "datum_vzniku_svazku_obcí": {
            "title": "datum vzniku svazku obcí",
            "description": "datum vzniku dobrovolného svazku obcí ",
            "type": "string",
            "format": "date"
          },
          "datum_zrušení_svazku_obcí": {
            "title": "datum zrušení svazku obcí",
            "description": "datum zrušení dobrovolného svazku obcí ",
            "type": "string",
            "format": "date"
          },
          "datum_zániku_svazku_obcí": {
            "title": "datum zániku svazku obcí",
            "description": "datum zániku dobrovolného svazku obcí ",
            "type": "string",
            "format": "date"
          },
          "právní_důvod_zrušení_svazku_obcí": {
            "title": "právní důvod zrušení svazku obcí",
            "description": "právní důvod zrušení dobrovolného svazku obcí ",
            "type": "object",
            "additionalProperties": {
              "title": "Hodnota v jiném jazyce",
              "type": "string"
            },
            "required": [
              "cs"
            ],
            "properties": {
              "cs": {
                "title": "Hodnota v českém jazyce",
                "type": "string"
              },
              "en": {
                "title": "Hodnota v anglickém jazyce",
                "type": "string"
              }
            }
          },
          "předmět_činnosti_svazku_obcí": {
            "title": "předmět činnosti svazku obcí",
            "description": "předmět činnosti dobrovolného svazku obcí ",
            "type": "object",
            "additionalProperties": {
              "title": "Hodnota v jiném jazyce",
              "type": "string"
            },
            "required": [
              "cs"
            ],
            "properties": {
              "cs": {
                "title": "Hodnota v českém jazyce",
                "type": "string"
              },
              "en": {
                "title": "Hodnota v anglickém jazyce",
                "type": "string"
              }
            }
          },
          "webová_stránka_svazku_obcí": {
            "title": "webová stránka svazku obcí",
            "description": "webová stránka dobrovolného svazku obcí ve formátu URL ",
            "type": "string",
            "format": "iri"
          },
          "má_zdroj_výčtu_členů": {
            "title": "má zdroj výčtu členů",
            "type": "string",
            "format": "iri"
          },
          "má_datovou_schránku": {
            "title": "má datovou schránku",
            "description": "Datová schránka je elektronické úložiště, které je určeno k doručování orgány veřejné moci, provádění úkonů vůči orgánům veřejné moci, dodávání dokumentů fyzických osob, podnikajících fyzických osob a právnických osob.",
            "type": "object",
            "required": [
              "id",
              "type"
            ],
            "properties": {
              "id": {
                "type": "string",
                "format": "iri"
              },
              "type": {
                "oneOf": [
                  {
                    "const": "Datová schránka"
                  },
                  {
                    "type": "array",
                    "contains": {
                      "const": "Datová schránka"
                    },
                    "items": {
                      "type": "string"
                    }
                  }
                ]
              },
              "identifikátor_datové_schránky": {
                "title": "Identifikátor datové schránky",
                "type": "string"
              }
            }
          },
          "eviduje_sbírku_listin": {
            "title": "eviduje sbírku listin",
            "description": "Sbírka listin týkajících se dobrovolného svazku obcí (zakladatelská smlouva, stanovy apod.)",
            "type": "object",
            "required": [
              "id",
              "type",
              "webová_stránka_sbírky_listin"
            ],
            "properties": {
              "id": {
                "type": "string",
                "format": "iri"
              },
              "type": {
                "oneOf": [
                  {
                    "const": "Sbírka listin"
                  },
                  {
                    "type": "array",
                    "contains": {
                      "const": "Sbírka listin"
                    },
                    "items": {
                      "type": "string"
                    }
                  }
                ]
              },
              "webová_stránka_sbírky_listin": {
                "title": "webová stránka sbírky listin",
                "description": "webová stránka, kde je k dispozici uveřejněná sbírka listin",
                "type": "string",
                "format": "iri"
              }
            }
          },
          "má_sídlo": {
            "title": "má sídlo",
            "description": "Sídlo dobrovolného svazku obcí",
            "type": "object",
            "required": [
              "id",
              "type",
              "má_adresu",
              "má_geometrii"
            ],
            "properties": {
              "id": {
                "type": "string",
                "format": "iri"
              },
              "type": {
                "oneOf": [
                  {
                    "const": "Sídlo"
                  },
                  {
                    "type": "array",
                    "contains": {
                      "const": "Sídlo"
                    },
                    "items": {
                      "type": "string"
                    }
                  }
                ]
              },
              "má_adresu": {
                "title": "má adresu",
                "description": "Adresou se rozumí kombinace názvu okresu, názvu obce nebo vojenského újezdu, názvu části obce nebo v případě hlavního města Prahy názvu katastrálního území a názvu městského obvodu, čísla popisného nebo evidenčního, názvu ulice a čísla orientačního a dále zvláštních údajů pro doručování prostřednictvím poštovních služeb, která jednoznačně určuje adresní místo.",
                "type": "object",
                "required": [
                  "id",
                  "type"
                ],
                "properties": {
                  "id": {
                    "type": "string",
                    "format": "iri"
                  },
                  "type": {
                    "oneOf": [
                      {
                        "const": "adresa"
                      },
                      {
                        "type": "array",
                        "contains": {
                          "const": "adresa"
                        },
                        "items": {
                          "type": "string"
                        }
                      }
                    ]
                  },
                  "má_kód_adresního_místa": {
                    "title": "má kód adresního místa",
                    "type": "string",
                    "format": "iri",
                    "pattern": "^https://linked.cuzk.cz/resource/ruian/adresni-misto/[0-9]+$"
                  },
                  "text_adresy": {
                    "title": "text adresy",
                    "description": "Celá adresa jako jeden řetězec. Text se řídí Přílohou č. 1 k vyhlášce č. 359/2011 Sb., o základním registru územní identifikace, adres a nemovitostí. Tato vlastnost odpovídá vlastnosti fullAddress z ISA2 Core Location Vocabulary.",
                    "type": "string"
                  }
                }
              },
              "má_geometrii": {
                "title": "má geometrii",
                "description": "Geometrický objekt specifikující umístění. Použije se tam, kde umístění nelze specifikovat adresou či identifikátorem. ",
                "type": "object",
                "required": [
                  "id",
                  "type"
                ],
                "properties": {
                  "id": {
                    "type": "string",
                    "format": "iri"
                  },
                  "type": {
                    "oneOf": [
                      {
                        "const": "Geometrický objekt"
                      },
                      {
                        "type": "array",
                        "contains": {
                          "const": "Geometrický objekt"
                        },
                        "items": {
                          "type": "string"
                        }
                      }
                    ]
                  },
                  "souřadnice": {
                    "title": "souřadnice",
                    "type": "string"
                  }
                }
              }
            }
          },
          "je_orgánem_svazku_obcí": {
            "type": "array",
            "minItems": 1,
            "items": {
              "title": "Orgán",
              "description": "Orgán dobrovolného svazku obcí.",
              "type": "object",
              "required": [
                "id",
                "type",
                "název_orgánu",
                "způsob_jednání"
              ],
              "properties": {
                "id": {
                  "type": "string",
                  "format": "iri"
                },
                "type": {
                  "oneOf": [
                    {
                      "const": "Orgán"
                    },
                    {
                      "type": "array",
                      "contains": {
                        "const": "Orgán"
                      },
                      "items": {
                        "type": "string"
                      }
                    }
                  ]
                },
                "název_orgánu": {
                  "title": "název orgánu",
                  "description": "Oficiální název orgánu svazku obcí (např. Valná hromada, Předsednictvo, Kontrolní komise)",
                  "type": "string"
                },
                "způsob_jednání": {
                  "title": "způsob jednání",
                  "description": "Text popisující, jakým způsobem orgán zastupuje svazek",
                  "type": "string"
                },
                "obsahuje_funkce": {
                  "title": "obsahuje funkce",
                  "type": "array",
                  "items": {
                    "title": "Funkce orgánu",
                    "description": "Funkce orgánu dobrovolného svazku obcí, kterou vykonává konkrétní fyzická osoba.",
                    "type": "object",
                    "required": [
                      "id",
                      "type",
                      "název_funkce",
                      "den_vzniku_funkce"
                    ],
                    "properties": {
                      "id": {
                        "type": "string",
                        "format": "iri"
                      },
                      "type": {
                        "oneOf": [
                          {
                            "const": "Funkce orgánu"
                          },
                          {
                            "type": "array",
                            "contains": {
                              "const": "Funkce orgánu"
                            },
                            "items": {
                              "type": "string"
                            }
                          }
                        ]
                      },
                      "název_funkce": {
                        "title": "název funkce",
                        "description": "Název funkce orgánu svazku obcí",
                        "type": "object",
                        "additionalProperties": {
                          "title": "Hodnota v jiném jazyce",
                          "type": "string"
                        },
                        "required": [

                        ],
                        "properties": {
                          "cs": {
                            "title": "Hodnota v českém jazyce",
                            "type": "string"
                          },
                          "en": {
                            "title": "Hodnota v anglickém jazyce",
                            "type": "string"
                          }
                        }
                      },
                      "den_zániku_funkce": {
                        "title": "den zániku funkce",
                        "description": "Datum zrušení funkce orgánu dobrovolného svazku obcí",
                        "type": "string",
                        "format": "date"
                      },
                      "den_vzniku_funkce": {
                        "title": "den vzniku funkce",
                        "description": "Datum vzniku funkce orgánu dobrovolného svazku obcí",
                        "type": "string",
                        "format": "date"
                      },
                      "vykonává_funkci_orgánu": {
                        "type": "array",
                        "items": {
                          "title": "Osoba vykonávající funkci orgánu",
                          "description": "Fyzická osoba vykonávající funkci orgánu dobrovolného svazku obcí",
                          "type": "object",
                          "required": [
                            "id",
                            "type",
                            "jméno",
                            "příjmení",
                            "má_bydliště_na_adrese"
                          ],
                          "properties": {
                            "id": {
                              "type": "string",
                              "format": "iri"
                            },
                            "type": {
                              "oneOf": [
                                {
                                  "const": "Osoba vykonávající funkci orgánu"
                                },
                                {
                                  "type": "array",
                                  "contains": {
                                    "const": "Osoba vykonávající funkci orgánu"
                                  },
                                  "items": {
                                    "type": "string"
                                  }
                                }
                              ]
                            },
                            "jméno": {
                              "title": "jméno",
                              "description": "Křestní jméno osoby vykonávající působnost orgánu",
                              "type": "string"
                            },
                            "příjmení": {
                              "title": "příjmení",
                              "description": "Příjmení osoby vykonávající působnost orgánu",
                              "type": "string"
                            },
                            "má_bydliště_na_adrese": {
                              "title": "má bydliště na adrese",
                              "description": "Adresou se rozumí kombinace názvu okresu, názvu obce nebo vojenského újezdu, názvu části obce nebo v případě hlavního města Prahy názvu katastrálního území a názvu městského obvodu, čísla popisného nebo evidenčního, názvu ulice a čísla orientačního a dále zvláštních údajů pro doručování prostřednictvím poštovních služeb, která jednoznačně určuje adresní místo.",
                              "type": "object",
                              "required": [
                                "id",
                                "type"
                              ],
                              "properties": {
                                "id": {
                                  "type": "string",
                                  "format": "iri"
                                },
                                "type": {
                                  "oneOf": [
                                    {
                                      "const": "adresa"
                                    },
                                    {
                                      "type": "array",
                                      "contains": {
                                        "const": "adresa"
                                      },
                                      "items": {
                                        "type": "string"
                                      }
                                    }
                                  ]
                                },
                                "má_kód_adresního_místa": {
                                  "title": "má kód adresního místa",
                                  "type": "string",
                                  "format": "iri",
                                  "pattern": "^https://linked.cuzk.cz/resource/ruian/adresni-misto/[0-9]+$"
                                },
                                "text_adresy": {
                                  "title": "text adresy",
                                  "description": "Celá adresa jako jeden řetězec. Text se řídí Přílohou č. 1 k vyhlášce č. 359/2011 Sb., o základním registru územní identifikace, adres a nemovitostí. Tato vlastnost odpovídá vlastnosti fullAddress z ISA2 Core Location Vocabulary.",
                                  "type": "string"
                                }
                              }
                            }
                          }
                        }
                      }
                    }
                  }
                }
              }
            }
          },
          "je_členem_dobrovolného_svazku_obcí": {
            "type": "array",
            "items": {
              "title": "Obec jako člen dobrovolného svazku obcí",
              "type": "object",
              "required": [
                "id",
                "type",
                "identifikační_číslo_obce",
                "název_obce",
                "den_vzniku_členství"
              ],
              "properties": {
                "id": {
                  "type": "string",
                  "format": "iri"
                },
                "type": {
                  "oneOf": [
                    {
                      "const": "Obec jako člen dobrovolného svazku obcí"
                    },
                    {
                      "type": "array",
                      "contains": {
                        "const": "Obec jako člen dobrovolného svazku obcí"
                      },
                      "items": {
                        "type": "string"
                      }
                    }
                  ]
                },
                "identifikační_číslo_obce": {
                  "title": "identifikační číslo obce",
                  "type": "integer"
                },
                "název_obce": {
                  "title": "název obce",
                  "description": "Oficiální název obce, používaný pro její identifikaci v právních a administrativních dokumentech",
                  "type": "string"
                },
                "kraj_obce": {
                  "title": "kraj obce",
                  "description": "Název správního regionu, do kterého členská obec spadá",
                  "type": "string",
                  "format": "iri"
                },
                "kód_obce": {
                  "title": "kód obce",
                  "description": "Kód členské obce dle RÚIAN (Registr územní identifikace, adres a nemovitostí) nebo CISOB (Centrální evidence svazků obcí), který slouží k jednoznačné identifikaci obce v těchto registrech.",
                  "type": "string",
                  "format": "iri"
                },
                "den_zániku_členství": {
                  "title": "den zániku členství",
                  "description": "Datum, kdy obec ukončila své členství ve svazku, buď na základě rozhodnutí nebo z jiného důvodu (např. zánik svazku nebo vystoupení obce)",
                  "type": "string",
                  "format": "date"
                },
                "den_vzniku_členství": {
                  "title": "den vzniku členství",
                  "description": "Datum, kdy obec oficiálně vstoupila do daného DSO a stala se jeho členem",
                  "type": "string",
                  "format": "date"
                }
              }
            }
          }
        }
      }
    }
  }
}