{
    "@context": [
        "http://www.w3.org/ns/csvw",
        {
            "@language": "cs"
        }
    ],
    "@id": "bf150184-f418-4d7b-b521-e4477a2daca9/table.csv-metadata.json",
    "@type": "Table",
    "url": "table.csv",
    "tableSchema": {
        "@type": "Schema",
        "columns": [
            {
                "@type": "Column",
                "name": "provozovatel_rejst%C5%99%C3%ADku_svazku_obc%C3%AD",
                "titles": "provozovatel_rejstříku_svazku_obcí",
                "dc:title": {
                    "@value": "provozovatel rejstříku svazku obcí",
                    "@language": "cs"
                },
                "dc:description": {
                    "@value": "IRI z RÚIAN pro kraj, který provozuje daný rejstřík",
                    "@language": "cs"
                },
                "propertyUrl": "https://slovník.gov.cz/generický/rejstřík-svazků-obcí/pojem/provozovatel-rejstříku-svazku-obcí",
                "required": true
            },
            {
                "@type": "Column",
                "name": "webov%C3%A1_str%C3%A1nka_rejst%C5%99%C3%ADku_svazku_obc%C3%AD",
                "titles": "webová_stránka_rejstříku_svazku_obcí",
                "dc:title": {
                    "@value": "webová stránka rejstříku svazku obcí",
                    "@language": "cs"
                },
                "dc:description": {
                    "@value": "Webová stránka rejstříku svazku obcí",
                    "@language": "cs"
                },
                "propertyUrl": "https://slovník.gov.cz/generický/rejstřík-svazků-obcí/pojem/webová-stránka-rejstříku-svazku-obcí"
            },
            {
                "@type": "Column",
                "name": "je_zaps%C3%A1n_v_rejst%C5%99%C3%ADku_identifika%C4%8Dn%C3%AD_%C4%8D%C3%ADslo_svazku_obc%C3%AD",
                "titles": "je_zapsán_v_rejstříku_identifikační_číslo_svazku_obcí",
                "dc:title": {
                    "@value": "identifikační číslo svazku obcí",
                    "@language": "cs"
                },
                "dc:description": {
                    "@value": "IČO dobrovolného svazku obcí",
                    "@language": "cs"
                },
                "propertyUrl": "https://slovník.gov.cz/generický/rejstřík-svazků-obcí/pojem/identifikační-číslo-svazku-obcí"
            },
            {
                "@type": "Column",
                "name": "je_zaps%C3%A1n_v_rejst%C5%99%C3%ADku_n%C3%A1zev_svazku_obc%C3%AD",
                "titles": "je_zapsán_v_rejstříku_název_svazku_obcí",
                "dc:title": {
                    "@value": "název svazku obcí",
                    "@language": "cs"
                },
                "dc:description": {
                    "@value": "název dobrovolného svazku obcí ",
                    "@language": "cs"
                },
                "propertyUrl": "https://slovník.gov.cz/generický/rejstřík-svazků-obcí/pojem/název-svazku-obcí",
                "datatype": "string",
                "lang": "cs"
            },
            {
                "@type": "Column",
                "name": "je_zaps%C3%A1n_v_rejst%C5%99%C3%ADku_datum_vzniku_svazku_obc%C3%AD",
                "titles": "je_zapsán_v_rejstříku_datum_vzniku_svazku_obcí",
                "dc:title": {
                    "@value": "datum vzniku svazku obcí",
                    "@language": "cs"
                },
                "dc:description": {
                    "@value": "datum vzniku dobrovolného svazku obcí ",
                    "@language": "cs"
                },
                "propertyUrl": "https://slovník.gov.cz/generický/rejstřík-svazků-obcí/pojem/datum-vzniku-svazku-obcí"
            },
            {
                "@type": "Column",
                "name": "je_zaps%C3%A1n_v_rejst%C5%99%C3%ADku_datum_zru%C5%A1en%C3%AD_svazku_obc%C3%AD",
                "titles": "je_zapsán_v_rejstříku_datum_zrušení_svazku_obcí",
                "dc:title": {
                    "@value": "datum zrušení svazku obcí",
                    "@language": "cs"
                },
                "dc:description": {
                    "@value": "datum zrušení dobrovolného svazku obcí ",
                    "@language": "cs"
                },
                "propertyUrl": "https://slovník.gov.cz/generický/rejstřík-svazků-obcí/pojem/datum-zrušení-svazku-obcí"
            },
            {
                "@type": "Column",
                "name": "je_zaps%C3%A1n_v_rejst%C5%99%C3%ADku_datum_z%C3%A1niku_svazku_obc%C3%AD",
                "titles": "je_zapsán_v_rejstříku_datum_zániku_svazku_obcí",
                "dc:title": {
                    "@value": "datum zániku svazku obcí",
                    "@language": "cs"
                },
                "dc:description": {
                    "@value": "datum zániku dobrovolného svazku obcí ",
                    "@language": "cs"
                },
                "propertyUrl": "https://slovník.gov.cz/generický/rejstřík-svazků-obcí/pojem/datum-zániku-svazku-obcí"
            },
            {
                "@type": "Column",
                "name": "je_zaps%C3%A1n_v_rejst%C5%99%C3%ADku_pr%C3%A1vn%C3%AD_d%C5%AFvod_zru%C5%A1en%C3%AD_svazku_obc%C3%AD",
                "titles": "je_zapsán_v_rejstříku_právní_důvod_zrušení_svazku_obcí",
                "dc:title": {
                    "@value": "právní důvod zrušení svazku obcí",
                    "@language": "cs"
                },
                "dc:description": {
                    "@value": "právní důvod zrušení dobrovolného svazku obcí ",
                    "@language": "cs"
                },
                "propertyUrl": "https://slovník.gov.cz/generický/rejstřík-svazků-obcí/pojem/právní-důvod-zrušení-svazku-obcí",
                "datatype": "string",
                "lang": "cs"
            },
            {
                "@type": "Column",
                "name": "je_zaps%C3%A1n_v_rejst%C5%99%C3%ADku_p%C5%99edm%C4%9Bt_%C4%8Dinnosti_svazku_obc%C3%AD",
                "titles": "je_zapsán_v_rejstříku_předmět_činnosti_svazku_obcí",
                "dc:title": {
                    "@value": "předmět činnosti svazku obcí",
                    "@language": "cs"
                },
                "dc:description": {
                    "@value": "předmět činnosti dobrovolného svazku obcí ",
                    "@language": "cs"
                },
                "propertyUrl": "https://slovník.gov.cz/generický/rejstřík-svazků-obcí/pojem/předmět-činnosti-svazku-obcí",
                "datatype": "string",
                "lang": "cs"
            },
            {
                "@type": "Column",
                "name": "je_zaps%C3%A1n_v_rejst%C5%99%C3%ADku_webov%C3%A1_str%C3%A1nka_svazku_obc%C3%AD",
                "titles": "je_zapsán_v_rejstříku_webová_stránka_svazku_obcí",
                "dc:title": {
                    "@value": "webová stránka svazku obcí",
                    "@language": "cs"
                },
                "dc:description": {
                    "@value": "webová stránka dobrovolného svazku obcí ve formátu URL ",
                    "@language": "cs"
                },
                "propertyUrl": "https://slovník.gov.cz/generický/rejstřík-svazků-obcí/pojem/webová-stránka-svazku-obcí"
            },
            {
                "@type": "Column",
                "name": "je_zaps%C3%A1n_v_rejst%C5%99%C3%ADku_m%C3%A1_zdroj_v%C3%BD%C4%8Dtu_%C4%8Dlen%C5%AF",
                "titles": "je_zapsán_v_rejstříku_má_zdroj_výčtu_členů",
                "dc:title": {
                    "@value": "má zdroj výčtu členů",
                    "@language": "cs"
                },
                "propertyUrl": "https://slovník.gov.cz/generický/rejstřík-svazků-obcí/pojem/má-zdroj-výčtu-členů",
                "valueUrl": "{+je_zaps%C3%A1n_v_rejst%C5%99%C3%ADku_m%C3%A1_zdroj_v%C3%BD%C4%8Dtu_%C4%8Dlen%C5%AF}",
                "datatype": "anyURI"
            },
            {
                "@type": "Column",
                "name": "je_zaps%C3%A1n_v_rejst%C5%99%C3%ADku_m%C3%A1_datovou_schr%C3%A1nku_identifik%C3%A1tor_datov%C3%A9_schr%C3%A1nky",
                "titles": "je_zapsán_v_rejstříku_má_datovou_schránku_identifikátor_datové_schránky",
                "dc:title": [
                    {
                        "@value": "Identifikátor datové schránky",
                        "@language": "cs"
                    },
                    {
                        "@value": "Data box identifier",
                        "@language": "en"
                    }
                ],
                "propertyUrl": "https://slovník.gov.cz/legislativní/sbírka/300/2008/pojem/identifikátor-datové-schránky"
            },
            {
                "@type": "Column",
                "name": "je_zaps%C3%A1n_v_rejst%C5%99%C3%ADku_eviduje_sb%C3%ADrku_listin_webov%C3%A1_str%C3%A1nka_sb%C3%ADrky_listin",
                "titles": "je_zapsán_v_rejstříku_eviduje_sbírku_listin_webová_stránka_sbírky_listin",
                "dc:title": {
                    "@value": "webová stránka sbírky listin",
                    "@language": "cs"
                },
                "dc:description": {
                    "@value": "webová stránka, kde je k dispozici uveřejněná sbírka listin",
                    "@language": "cs"
                },
                "propertyUrl": "https://slovník.gov.cz/generický/rejstřík-svazků-obcí/pojem/webová-stránka-sbírky-listin"
            },
            {
                "@type": "Column",
                "name": "je_zaps%C3%A1n_v_rejst%C5%99%C3%ADku_m%C3%A1_s%C3%ADdlo_m%C3%A1_adresu_m%C3%A1_k%C3%B3d_adresn%C3%ADho_m%C3%ADsta",
                "titles": "je_zapsán_v_rejstříku_má_sídlo_má_adresu_má_kód_adresního_místa",
                "dc:title": {
                    "@value": "má kód adresního místa",
                    "@language": "cs"
                },
                "propertyUrl": "https://slovník.gov.cz/generický/adresy/pojem/má-kód-adresního-místa"
            },
            {
                "@type": "Column",
                "name": "je_zaps%C3%A1n_v_rejst%C5%99%C3%ADku_m%C3%A1_s%C3%ADdlo_m%C3%A1_adresu_text_adresy",
                "titles": "je_zapsán_v_rejstříku_má_sídlo_má_adresu_text_adresy",
                "dc:title": {
                    "@value": "text adresy",
                    "@language": "cs"
                },
                "dc:description": {
                    "@value": "Celá adresa jako jeden řetězec. Text se řídí Přílohou č. 1 k vyhlášce č. 359/2011 Sb., o základním registru územní identifikace, adres a nemovitostí. Tato vlastnost odpovídá vlastnosti fullAddress z ISA2 Core Location Vocabulary.",
                    "@language": "cs"
                },
                "propertyUrl": "https://slovník.gov.cz/generický/adresy/pojem/text-adresy"
            },
            {
                "@type": "Column",
                "name": "je_zaps%C3%A1n_v_rejst%C5%99%C3%ADku_m%C3%A1_s%C3%ADdlo_m%C3%A1_geometrii_sou%C5%99adnice",
                "titles": "je_zapsán_v_rejstříku_má_sídlo_má_geometrii_souřadnice",
                "dc:title": [
                    {
                        "@value": "coordinates",
                        "@language": "en"
                    },
                    {
                        "@value": "souřadnice",
                        "@language": "cs"
                    }
                ],
                "propertyUrl": "https://slovník.gov.cz/generický/umístění/pojem/souřadnice"
            },
            {
                "@type": "Column",
                "name": "je_zaps%C3%A1n_v_rejst%C5%99%C3%ADku_je_org%C3%A1nem_svazku_obc%C3%AD_n%C3%A1zev_org%C3%A1nu",
                "titles": "je_zapsán_v_rejstříku_je_orgánem_svazku_obcí_název_orgánu",
                "dc:title": {
                    "@value": "název orgánu",
                    "@language": "cs"
                },
                "dc:description": {
                    "@value": "Oficiální název orgánu svazku obcí (např. Valná hromada, Předsednictvo, Kontrolní komise)",
                    "@language": "cs"
                },
                "propertyUrl": "https://slovník.gov.cz/generický/rejstřík-svazků-obcí/pojem/název-orgánu"
            },
            {
                "@type": "Column",
                "name": "je_zaps%C3%A1n_v_rejst%C5%99%C3%ADku_je_org%C3%A1nem_svazku_obc%C3%AD_zp%C5%AFsob_jedn%C3%A1n%C3%AD",
                "titles": "je_zapsán_v_rejstříku_je_orgánem_svazku_obcí_způsob_jednání",
                "dc:title": {
                    "@value": "způsob jednání",
                    "@language": "cs"
                },
                "dc:description": {
                    "@value": "Text popisující, jakým způsobem orgán zastupuje svazek",
                    "@language": "cs"
                },
                "propertyUrl": "https://slovník.gov.cz/generický/rejstřík-svazků-obcí/pojem/způsob-jednání"
            },
            {
                "@type": "Column",
                "name": "je_zaps%C3%A1n_v_rejst%C5%99%C3%ADku_je_org%C3%A1nem_svazku_obc%C3%AD_obsahuje_funkce_n%C3%A1zev_funkce",
                "titles": "je_zapsán_v_rejstříku_je_orgánem_svazku_obcí_obsahuje_funkce_název_funkce",
                "dc:title": {
                    "@value": "název funkce",
                    "@language": "cs"
                },
                "dc:description": {
                    "@value": "Název funkce orgánu svazku obcí",
                    "@language": "cs"
                },
                "propertyUrl": "https://slovník.gov.cz/generický/rejstřík-svazků-obcí/pojem/název-funkce",
                "datatype": "string",
                "lang": "cs"
            },
            {
                "@type": "Column",
                "name": "je_zaps%C3%A1n_v_rejst%C5%99%C3%ADku_je_org%C3%A1nem_svazku_obc%C3%AD_obsahuje_funkce_den_z%C3%A1niku_funkce",
                "titles": "je_zapsán_v_rejstříku_je_orgánem_svazku_obcí_obsahuje_funkce_den_zániku_funkce",
                "dc:title": {
                    "@value": "den zániku funkce",
                    "@language": "cs"
                },
                "dc:description": {
                    "@value": "Datum zrušení funkce orgánu dobrovolného svazku obcí",
                    "@language": "cs"
                },
                "propertyUrl": "https://slovník.gov.cz/generický/rejstřík-svazků-obcí/pojem/den-zániku-funkce"
            },
            {
                "@type": "Column",
                "name": "je_zaps%C3%A1n_v_rejst%C5%99%C3%ADku_je_org%C3%A1nem_svazku_obc%C3%AD_obsahuje_funkce_den_vzniku_funkce",
                "titles": "je_zapsán_v_rejstříku_je_orgánem_svazku_obcí_obsahuje_funkce_den_vzniku_funkce",
                "dc:title": {
                    "@value": "den vzniku funkce",
                    "@language": "cs"
                },
                "dc:description": {
                    "@value": "Datum vzniku funkce orgánu dobrovolného svazku obcí",
                    "@language": "cs"
                },
                "propertyUrl": "https://slovník.gov.cz/generický/rejstřík-svazků-obcí/pojem/den-vzniku-funkce"
            },
            {
                "@type": "Column",
                "name": "je_zaps%C3%A1n_v_rejst%C5%99%C3%ADku_je_org%C3%A1nem_svazku_obc%C3%AD_obsahuje_funkce_vykon%C3%A1v%C3%A1_funkci_org%C3%A1nu_jm%C3%A9no",
                "titles": "je_zapsán_v_rejstříku_je_orgánem_svazku_obcí_obsahuje_funkce_vykonává_funkci_orgánu_jméno",
                "dc:title": {
                    "@value": "jméno",
                    "@language": "cs"
                },
                "dc:description": {
                    "@value": "Křestní jméno osoby vykonávající působnost orgánu",
                    "@language": "cs"
                },
                "propertyUrl": "https://slovník.gov.cz/generický/rejstřík-svazků-obcí/pojem/jméno"
            },
            {
                "@type": "Column",
                "name": "je_zaps%C3%A1n_v_rejst%C5%99%C3%ADku_je_org%C3%A1nem_svazku_obc%C3%AD_obsahuje_funkce_vykon%C3%A1v%C3%A1_funkci_org%C3%A1nu_p%C5%99%C3%ADjmen%C3%AD",
                "titles": "je_zapsán_v_rejstříku_je_orgánem_svazku_obcí_obsahuje_funkce_vykonává_funkci_orgánu_příjmení",
                "dc:title": {
                    "@value": "příjmení",
                    "@language": "cs"
                },
                "dc:description": {
                    "@value": "Příjmení osoby vykonávající působnost orgánu",
                    "@language": "cs"
                },
                "propertyUrl": "https://slovník.gov.cz/generický/rejstřík-svazků-obcí/pojem/příjmení"
            },
            {
                "@type": "Column",
                "name": "je_zaps%C3%A1n_v_rejst%C5%99%C3%ADku_je_org%C3%A1nem_svazku_obc%C3%AD_obsahuje_funkce_vykon%C3%A1v%C3%A1_funkci_org%C3%A1nu_m%C3%A1_bydli%C5%A1t%C4%9B_na_adrese_m%C3%A1_k%C3%B3d_adresn%C3%ADho_m%C3%ADsta",
                "titles": "je_zapsán_v_rejstříku_je_orgánem_svazku_obcí_obsahuje_funkce_vykonává_funkci_orgánu_má_bydliště_na_adrese_má_kód_adresního_místa",
                "dc:title": {
                    "@value": "má kód adresního místa",
                    "@language": "cs"
                },
                "propertyUrl": "https://slovník.gov.cz/generický/adresy/pojem/má-kód-adresního-místa"
            },
            {
                "@type": "Column",
                "name": "je_zaps%C3%A1n_v_rejst%C5%99%C3%ADku_je_org%C3%A1nem_svazku_obc%C3%AD_obsahuje_funkce_vykon%C3%A1v%C3%A1_funkci_org%C3%A1nu_m%C3%A1_bydli%C5%A1t%C4%9B_na_adrese_text_adresy",
                "titles": "je_zapsán_v_rejstříku_je_orgánem_svazku_obcí_obsahuje_funkce_vykonává_funkci_orgánu_má_bydliště_na_adrese_text_adresy",
                "dc:title": {
                    "@value": "text adresy",
                    "@language": "cs"
                },
                "dc:description": {
                    "@value": "Celá adresa jako jeden řetězec. Text se řídí Přílohou č. 1 k vyhlášce č. 359/2011 Sb., o základním registru územní identifikace, adres a nemovitostí. Tato vlastnost odpovídá vlastnosti fullAddress z ISA2 Core Location Vocabulary.",
                    "@language": "cs"
                },
                "propertyUrl": "https://slovník.gov.cz/generický/adresy/pojem/text-adresy"
            },
            {
                "@type": "Column",
                "name": "je_zaps%C3%A1n_v_rejst%C5%99%C3%ADku_je_%C4%8Dlenem_dobrovoln%C3%A9ho_svazku_obc%C3%AD_identifika%C4%8Dn%C3%AD_%C4%8D%C3%ADslo_obce",
                "titles": "je_zapsán_v_rejstříku_je_členem_dobrovolného_svazku_obcí_identifikační_číslo_obce",
                "dc:title": {
                    "@value": "identifikační číslo obce",
                    "@language": "cs"
                },
                "propertyUrl": "https://slovník.gov.cz/generický/rejstřík-svazků-obcí/pojem/identifikační-číslo-obce"
            },
            {
                "@type": "Column",
                "name": "je_zaps%C3%A1n_v_rejst%C5%99%C3%ADku_je_%C4%8Dlenem_dobrovoln%C3%A9ho_svazku_obc%C3%AD_n%C3%A1zev_obce",
                "titles": "je_zapsán_v_rejstříku_je_členem_dobrovolného_svazku_obcí_název_obce",
                "dc:title": {
                    "@value": "název obce",
                    "@language": "cs"
                },
                "dc:description": {
                    "@value": "Oficiální název obce, používaný pro její identifikaci v právních a administrativních dokumentech",
                    "@language": "cs"
                },
                "propertyUrl": "https://slovník.gov.cz/generický/rejstřík-svazků-obcí/pojem/název-obce"
            },
            {
                "@type": "Column",
                "name": "je_zaps%C3%A1n_v_rejst%C5%99%C3%ADku_je_%C4%8Dlenem_dobrovoln%C3%A9ho_svazku_obc%C3%AD_kraj_obce",
                "titles": "je_zapsán_v_rejstříku_je_členem_dobrovolného_svazku_obcí_kraj_obce",
                "dc:title": {
                    "@value": "kraj obce",
                    "@language": "cs"
                },
                "dc:description": {
                    "@value": "Název správního regionu, do kterého členská obec spadá",
                    "@language": "cs"
                },
                "propertyUrl": "https://slovník.gov.cz/generický/rejstřík-svazků-obcí/pojem/kraj-obce"
            },
            {
                "@type": "Column",
                "name": "je_zaps%C3%A1n_v_rejst%C5%99%C3%ADku_je_%C4%8Dlenem_dobrovoln%C3%A9ho_svazku_obc%C3%AD_k%C3%B3d_obce",
                "titles": "je_zapsán_v_rejstříku_je_členem_dobrovolného_svazku_obcí_kód_obce",
                "dc:title": {
                    "@value": "kód obce",
                    "@language": "cs"
                },
                "dc:description": {
                    "@value": "Kód členské obce dle RÚIAN (Registr územní identifikace, adres a nemovitostí) nebo CISOB (Centrální evidence svazků obcí), který slouží k jednoznačné identifikaci obce v těchto registrech.",
                    "@language": "cs"
                },
                "propertyUrl": "https://slovník.gov.cz/generický/rejstřík-svazků-obcí/pojem/kód-obce"
            },
            {
                "@type": "Column",
                "name": "je_zaps%C3%A1n_v_rejst%C5%99%C3%ADku_je_%C4%8Dlenem_dobrovoln%C3%A9ho_svazku_obc%C3%AD_den_z%C3%A1niku_%C4%8Dlenstv%C3%AD",
                "titles": "je_zapsán_v_rejstříku_je_členem_dobrovolného_svazku_obcí_den_zániku_členství",
                "dc:title": {
                    "@value": "den zániku členství",
                    "@language": "cs"
                },
                "dc:description": {
                    "@value": "Datum, kdy obec ukončila své členství ve svazku, buď na základě rozhodnutí nebo z jiného důvodu (např. zánik svazku nebo vystoupení obce)",
                    "@language": "cs"
                },
                "propertyUrl": "https://slovník.gov.cz/generický/rejstřík-svazků-obcí/pojem/den-zániku-členství"
            },
            {
                "@type": "Column",
                "name": "je_zaps%C3%A1n_v_rejst%C5%99%C3%ADku_je_%C4%8Dlenem_dobrovoln%C3%A9ho_svazku_obc%C3%AD_den_vzniku_%C4%8Dlenstv%C3%AD",
                "titles": "je_zapsán_v_rejstříku_je_členem_dobrovolného_svazku_obcí_den_vzniku_členství",
                "dc:title": {
                    "@value": "den vzniku členství",
                    "@language": "cs"
                },
                "dc:description": {
                    "@value": "Datum, kdy obec oficiálně vstoupila do daného DSO a stala se jeho členem",
                    "@language": "cs"
                },
                "propertyUrl": "https://slovník.gov.cz/generický/rejstřík-svazků-obcí/pojem/den-vzniku-členství"
            },
            {
                "@type": "Column",
                "propertyUrl": "rdf:type",
                "valueUrl": "https://slovník.gov.cz/generický/rejstřík-svazků-obcí/pojem/rejstřík-svazků-obcí",
                "virtual": true
            }
        ]
    }
}