{
    "https://ofn.gov.cz/schema/1710339631573-b2cd-b1a3-b95e": {
        "types": [
            "https://ofn.gov.cz/slovník/pim/Schema"
        ],
        "iri": "https://ofn.gov.cz/schema/1710339631573-b2cd-b1a3-b95e",
        "pimHumanLabel": {
            "en": "nguyen-example"
        },
        "pimHumanDescription": {},
        "pimParts": [
            "https://ofn.gov.cz/class/1710508333704-b3b7-a6ca-8eb5",
            "https://ofn.gov.cz/attribute/1710508348302-d901-b5e6-b91a",
            "https://ofn.gov.cz/class/1710508348372-234b-b83c-8f19",
            "https://ofn.gov.cz/association/1710508348434-1863-b21e-bd2d",
            "https://ofn.gov.cz/association-end/1710508348434-56ab-6653-b7a7",
            "https://ofn.gov.cz/association-end/1710508348434-f79b-3fdf-9857",
            "https://ofn.gov.cz/class/1710508709772-05f5-b9db-a99c",
            "https://ofn.gov.cz/class/1710508734380-63d1-b645-a4d5",
            "https://ofn.gov.cz/attribute/1710508750844-f0ae-4320-acb4",
            "https://ofn.gov.cz/attribute/1710508750902-6772-c685-a7db",
            "https://ofn.gov.cz/class/1710508882671-fde0-4e61-8369",
            "https://ofn.gov.cz/attribute/1710508882675-364e-8b6c-b3c6",
            "https://ofn.gov.cz/attribute/1710508999135-f82c-3e3a-8695",
            "https://ofn.gov.cz/attribute/1710508999198-a416-6784-a391",
            "https://ofn.gov.cz/class/1710509563779-4ab0-4773-bde4",
            "https://ofn.gov.cz/association/1710509563833-50bf-e9bc-9b8b",
            "https://ofn.gov.cz/association-end/1710509563833-f9ab-54e2-a33c",
            "https://ofn.gov.cz/association-end/1710509563833-2b53-cac4-872c",
            "https://ofn.gov.cz/attribute/1710509573508-120a-af94-859a",
            "https://ofn.gov.cz/attribute/1710509573571-17f0-2136-89f2",
            "https://ofn.gov.cz/attribute/1712486311659-fa1f-891f-923b",
            "https://ofn.gov.cz/class/1712486484967-f29c-b3a4-9db2",
            "https://ofn.gov.cz/class/1712486551393-c1b0-5174-af9e",
            "https://ofn.gov.cz/association/1712486551444-e567-e487-b56d",
            "https://ofn.gov.cz/association-end/1712486551444-3414-2551-bee7",
            "https://ofn.gov.cz/association-end/1712486551444-cea6-e785-93e8",
            "https://ofn.gov.cz/attribute/1712486581732-bb88-671c-aea0",
            "https://ofn.gov.cz/attribute/1712486581790-6160-f699-82ee",
            "https://ofn.gov.cz/attribute/1712486581844-89d6-b90f-a505",
            "https://ofn.gov.cz/class/1712492266336-cacf-2204-8353",
            "https://ofn.gov.cz/association/1712492266429-1b86-ecbf-9466",
            "https://ofn.gov.cz/association-end/1712492266429-6041-02fd-acca",
            "https://ofn.gov.cz/association-end/1712492266429-91a5-318f-b77f",
            "https://ofn.gov.cz/attribute/1712492289018-78a7-d06e-9c40"
        ]
    },
    "https://ofn.gov.cz/class/1710508333704-b3b7-a6ca-8eb5": {
        "types": [
            "https://ofn.gov.cz/slovník/pim/Class"
        ],
        "iri": "https://ofn.gov.cz/class/1710508333704-b3b7-a6ca-8eb5",
        "pimInterpretation": "https://slovník.gov.cz/datový/školství/pojem/studijní-program",
        "pimTechnicalLabel": null,
        "pimHumanLabel": {
            "en": "Study program",
            "cs": "Studijní program"
        },
        "pimHumanDescription": {
            "en": "Study program at the university according to the International Standard Classification of Education (ISCED).",
            "cs": "Studijní program na vysoké škole dle standardu International Standard Classification of Education (ISCED)."
        },
        "pimExtends": [
            "https://ofn.gov.cz/class/1710508882671-fde0-4e61-8369"
        ],
        "pimIsCodelist": false,
        "pimCodelistUrl": [],
        "pimRegex": null,
        "pimExample": null,
        "pimObjectExample": null
    },
    "https://ofn.gov.cz/attribute/1710508348302-d901-b5e6-b91a": {
        "types": [
            "https://ofn.gov.cz/slovník/pim/Attribute"
        ],
        "iri": "https://ofn.gov.cz/attribute/1710508348302-d901-b5e6-b91a",
        "pimInterpretation": "https://slovník.gov.cz/datový/školství/pojem/kód",
        "pimTechnicalLabel": null,
        "pimHumanLabel": {
            "en": "code",
            "cs": "kód"
        },
        "pimHumanDescription": {
            "en": "Study program code according to the ISCED-F 2013 third level classification.",
            "cs": "Kód studijního programu dle klasifikace ISCED-F 2013 třetí úrovně."
        },
        "pimDatatype": "https://ofn.gov.cz/zdroj/základní-datové-typy/2020-07-01/řetězec",
        "pimOwnerClass": "https://ofn.gov.cz/class/1710508333704-b3b7-a6ca-8eb5",
        "pimCardinalityMin": null,
        "pimCardinalityMax": null,
        "pimRegex": null,
        "pimExample": null
    },
    "https://ofn.gov.cz/class/1710508348372-234b-b83c-8f19": {
        "types": [
            "https://ofn.gov.cz/slovník/pim/Class"
        ],
        "iri": "https://ofn.gov.cz/class/1710508348372-234b-b83c-8f19",
        "pimInterpretation": "https://slovník.gov.cz/generický/věda-a-výzkum/pojem/téma-dizertační-práce",
        "pimTechnicalLabel": null,
        "pimHumanLabel": {
            "cs": "Téma dizertační práce",
            "en": "Dissertation topic"
        },
        "pimHumanDescription": {
            "undefined": "b44_b19969"
        },
        "pimExtends": [],
        "pimIsCodelist": false,
        "pimCodelistUrl": [],
        "pimRegex": null,
        "pimExample": null,
        "pimObjectExample": null
    },
    "https://ofn.gov.cz/association/1710508348434-1863-b21e-bd2d": {
        "types": [
            "https://ofn.gov.cz/slovník/pim/Association"
        ],
        "iri": "https://ofn.gov.cz/association/1710508348434-1863-b21e-bd2d",
        "pimInterpretation": "https://slovník.gov.cz/generický/věda-a-výzkum/pojem/má-studijní-program",
        "pimTechnicalLabel": null,
        "pimHumanLabel": {
            "cs": "má studijní program",
            "en": "has a study program"
        },
        "pimHumanDescription": {
            "cs": "Studijní program, do kterého téma dizertační práce spadá, dle standardu International Standard Classification of Education (ISCED).",
            "en": "The study program to which the topic of the dissertation falls, according to the International Standard Classification of Education (ISCED)."
        },
        "pimEnd": [
            "https://ofn.gov.cz/association-end/1710508348434-56ab-6653-b7a7",
            "https://ofn.gov.cz/association-end/1710508348434-f79b-3fdf-9857"
        ],
        "pimIsOriented": true
    },
    "https://ofn.gov.cz/association-end/1710508348434-56ab-6653-b7a7": {
        "types": [
            "https://ofn.gov.cz/slovník/pim/AssociationEnd"
        ],
        "iri": "https://ofn.gov.cz/association-end/1710508348434-56ab-6653-b7a7",
        "pimInterpretation": null,
        "pimTechnicalLabel": null,
        "pimHumanLabel": null,
        "pimHumanDescription": null,
        "pimPart": "https://ofn.gov.cz/class/1710508348372-234b-b83c-8f19",
        "pimCardinalityMin": null,
        "pimCardinalityMax": null
    },
    "https://ofn.gov.cz/association-end/1710508348434-f79b-3fdf-9857": {
        "types": [
            "https://ofn.gov.cz/slovník/pim/AssociationEnd"
        ],
        "iri": "https://ofn.gov.cz/association-end/1710508348434-f79b-3fdf-9857",
        "pimInterpretation": null,
        "pimTechnicalLabel": null,
        "pimHumanLabel": null,
        "pimHumanDescription": null,
        "pimPart": "https://ofn.gov.cz/class/1710508333704-b3b7-a6ca-8eb5",
        "pimCardinalityMin": null,
        "pimCardinalityMax": null
    },
    "https://ofn.gov.cz/class/1710508709772-05f5-b9db-a99c": {
        "types": [
            "https://ofn.gov.cz/slovník/pim/Class"
        ],
        "iri": "https://ofn.gov.cz/class/1710508709772-05f5-b9db-a99c",
        "pimInterpretation": "https://slovník.gov.cz/legislativní/sbírka/89/2012/pojem/osoba",
        "pimTechnicalLabel": null,
        "pimHumanLabel": {
            "cs": "Osoba",
            "en": "Person"
        },
        "pimHumanDescription": {
            "en": "A person is a natural person or a legal entity.",
            "cs": "Osoba je fyzická, nebo právnická."
        },
        "pimExtends": [],
        "pimIsCodelist": false,
        "pimCodelistUrl": [],
        "pimRegex": null,
        "pimExample": null,
        "pimObjectExample": null
    },
    "https://ofn.gov.cz/class/1710508734380-63d1-b645-a4d5": {
        "types": [
            "https://ofn.gov.cz/slovník/pim/Class"
        ],
        "iri": "https://ofn.gov.cz/class/1710508734380-63d1-b645-a4d5",
        "pimInterpretation": "https://slovník.gov.cz/legislativní/sbírka/304/2013/pojem/fyzická-osoba",
        "pimTechnicalLabel": null,
        "pimHumanLabel": {
            "en": "Natural person",
            "cs": "Fyzická osoba"
        },
        "pimHumanDescription": {
            "en": "Natural persons 1. who are entrepreneurs, reside in the Czech Republic and apply for registration, and 2. listed in § 43, who do business in the territory of the Czech Republic and apply for registration A natural person for the purposes of § 42 means a) a citizen a member state of the European Union, another state forming the European Economic Area or the Swiss Confederation, b) a family member of the person referred to in letter a) authorized to reside in the territory of the Czech Republic, c) a national of a third country who has been granted long-term legal status in a member state of the European Union a resident resident, d) a family member of the person mentioned in letter c), who has been issued a long-term residence permit on the territory of the Czech Republic, and ae) another natural person who has acquired the right to do business under the Trade Act or another law.",
            "cs": "Fyzické osoby, 1. které jsou podnikateli, mají bydliště v České republice a požádají o zápis, a 2. uvedené v § 43, které podnikají na území České republiky, a požádají o zápis  Fyzickou osobou se pro potřeby § 42 rozumí a) státní občan členského státu Evropské unie, jiného státu tvořícího Evropský hospodářský prostor nebo Švýcarské konfederace, b) rodinný příslušník osoby uvedené v písmeni a) oprávněný pobývat na území České republiky, c) státní občan třetího státu, kterému bylo v členském státě Evropské unie přiznáno právní postavení dlouhodobě pobývajícího rezidenta, d) rodinný příslušník osoby uvedené v písmeni c), kterému bylo na území České republiky vydáno povolení k dlouhodobému pobytu, a e) další fyzická osoba, které vzniklo právo podnikat podle živnostenského zákona nebo jiného zákona."
        },
        "pimExtends": [],
        "pimIsCodelist": false,
        "pimCodelistUrl": [],
        "pimRegex": null,
        "pimExample": null,
        "pimObjectExample": null
    },
    "https://ofn.gov.cz/attribute/1710508750844-f0ae-4320-acb4": {
        "types": [
            "https://ofn.gov.cz/slovník/pim/Attribute"
        ],
        "iri": "https://ofn.gov.cz/attribute/1710508750844-f0ae-4320-acb4",
        "pimInterpretation": "https://slovník.gov.cz/legislativní/sbírka/304/2013/pojem/adresa-bydliště",
        "pimTechnicalLabel": null,
        "pimHumanLabel": {
            "en": "residential address",
            "cs": "adresa bydliště"
        },
        "pimHumanDescription": {},
        "pimDatatype": null,
        "pimOwnerClass": "https://ofn.gov.cz/class/1710508734380-63d1-b645-a4d5",
        "pimCardinalityMin": null,
        "pimCardinalityMax": null,
        "pimRegex": null,
        "pimExample": null
    },
    "https://ofn.gov.cz/attribute/1710508750902-6772-c685-a7db": {
        "types": [
            "https://ofn.gov.cz/slovník/pim/Attribute"
        ],
        "iri": "https://ofn.gov.cz/attribute/1710508750902-6772-c685-a7db",
        "pimInterpretation": "https://slovník.gov.cz/legislativní/sbírka/304/2013/pojem/adresa-místa-pobytu",
        "pimTechnicalLabel": null,
        "pimHumanLabel": {
            "cs": "adresa místa pobytu",
            "en": "address of place of residence"
        },
        "pimHumanDescription": {},
        "pimDatatype": null,
        "pimOwnerClass": "https://ofn.gov.cz/class/1710508734380-63d1-b645-a4d5",
        "pimCardinalityMin": null,
        "pimCardinalityMax": null,
        "pimRegex": null,
        "pimExample": null
    },
    "https://ofn.gov.cz/class/1710508882671-fde0-4e61-8369": {
        "types": [
            "https://ofn.gov.cz/slovník/pim/Class"
        ],
        "iri": "https://ofn.gov.cz/class/1710508882671-fde0-4e61-8369",
        "pimInterpretation": "https://slovník.gov.cz/generický/věci/pojem/věc",
        "pimTechnicalLabel": null,
        "pimHumanLabel": {
            "en": "Thing",
            "cs": "Věc"
        },
        "pimHumanDescription": {},
        "pimExtends": [],
        "pimIsCodelist": false,
        "pimCodelistUrl": [],
        "pimRegex": null,
        "pimExample": null,
        "pimObjectExample": null
    },
    "https://ofn.gov.cz/attribute/1710508882675-364e-8b6c-b3c6": {
        "types": [
            "https://ofn.gov.cz/slovník/pim/Attribute"
        ],
        "iri": "https://ofn.gov.cz/attribute/1710508882675-364e-8b6c-b3c6",
        "pimInterpretation": "https://slovník.gov.cz/generický/věci/pojem/název",
        "pimTechnicalLabel": null,
        "pimHumanLabel": {
            "en": "title",
            "cs": "název"
        },
        "pimHumanDescription": {},
        "pimDatatype": "https://ofn.gov.cz/zdroj/základní-datové-typy/2020-07-01/text",
        "pimOwnerClass": "https://ofn.gov.cz/class/1710508882671-fde0-4e61-8369",
        "pimCardinalityMin": 0,
        "pimCardinalityMax": 1,
        "pimRegex": null,
        "pimExample": null
    },
    "https://ofn.gov.cz/attribute/1710508999135-f82c-3e3a-8695": {
        "types": [
            "https://ofn.gov.cz/slovník/pim/Attribute"
        ],
        "iri": "https://ofn.gov.cz/attribute/1710508999135-f82c-3e3a-8695",
        "pimInterpretation": "https://slovník.gov.cz/generický/věda-a-výzkum/pojem/aktuálně-nabízeno",
        "pimTechnicalLabel": null,
        "pimHumanLabel": {
            "cs": "aktuálně nabízeno",
            "en": "currently offered"
        },
        "pimHumanDescription": {
            "en": "Indicates whether the topic is currently offered for enrollment.",
            "cs": "Indikuje, zda je téma aktuálně nabízeno k zápisu."
        },
        "pimDatatype": "https://ofn.gov.cz/zdroj/základní-datové-typy/2020-07-01/boolean",
        "pimOwnerClass": "https://ofn.gov.cz/class/1710508348372-234b-b83c-8f19",
        "pimCardinalityMin": null,
        "pimCardinalityMax": null,
        "pimRegex": null,
        "pimExample": null
    },
    "https://ofn.gov.cz/attribute/1710508999198-a416-6784-a391": {
        "types": [
            "https://ofn.gov.cz/slovník/pim/Attribute"
        ],
        "iri": "https://ofn.gov.cz/attribute/1710508999198-a416-6784-a391",
        "pimInterpretation": "https://slovník.gov.cz/generický/věda-a-výzkum/pojem/kontext-tématu-dizertační-práce",
        "pimTechnicalLabel": null,
        "pimHumanLabel": {
            "en": "the context of the dissertation topic",
            "cs": "kontext tématu dizertační práce"
        },
        "pimHumanDescription": {
            "cs": "Popis kontextu, do kterého je téma dizertační práce zasazeno, např. souvislost s ostatními pracemi realizovanými na daném pracovišti či vedených dotyčným školitelem, souvislost se směřováním pracoviště, školitele aj.",
            "en": "Description of the context in which the topic of the dissertation is placed, e.g. the connection with other work carried out at the given workplace or led by the supervisor in question, the connection with the direction of the workplace, the supervisor, etc."
        },
        "pimDatatype": "https://ofn.gov.cz/zdroj/základní-datové-typy/2020-07-01/text",
        "pimOwnerClass": "https://ofn.gov.cz/class/1710508348372-234b-b83c-8f19",
        "pimCardinalityMin": null,
        "pimCardinalityMax": null,
        "pimRegex": null,
        "pimExample": null
    },
    "https://ofn.gov.cz/class/1710509563779-4ab0-4773-bde4": {
        "types": [
            "https://ofn.gov.cz/slovník/pim/Class"
        ],
        "iri": "https://ofn.gov.cz/class/1710509563779-4ab0-4773-bde4",
        "pimInterpretation": "https://slovník.gov.cz/generický/čas/pojem/časový-okamžik",
        "pimTechnicalLabel": null,
        "pimHumanLabel": {
            "en": "Time instant",
            "cs": "Časový okamžik"
        },
        "pimHumanDescription": {
            "cs": "Pro reprezentaci časových okamžiků lze použít datum, čas a nebo kombinací data a času. Pokud je jasné, který datový typ je v daném místě vhodný, použije se konkrétní datový typ, tedy datum, čas či datum a čas. Často ale při tvorbě OFN není předem známo, jaká úroveň detailu bude pro určení okamžiku k dispozici. Aby se zabránilo různým reprezentacím této situace v různých OFN, je specifikována třída Časový okamžik.",
            "en": "The date, time, or a combination of date and time can be used to represent moments in time. If it is clear which data type is appropriate at a given location, the specific data type, i.e. date, time or date and time, shall be used. Often, however, when creating an OFN, it is not known in advance what level of detail will be available for the determination of the instant. To avoid different representations of this situation in different OFNs, a Time Moment class is specified."
        },
        "pimExtends": [],
        "pimIsCodelist": false,
        "pimCodelistUrl": [],
        "pimRegex": null,
        "pimExample": null,
        "pimObjectExample": null
    },
    "https://ofn.gov.cz/association/1710509563833-50bf-e9bc-9b8b": {
        "types": [
            "https://ofn.gov.cz/slovník/pim/Association"
        ],
        "iri": "https://ofn.gov.cz/association/1710509563833-50bf-e9bc-9b8b",
        "pimInterpretation": "https://slovník.gov.cz/generický/věci/pojem/vytvořeno",
        "pimTechnicalLabel": null,
        "pimHumanLabel": {
            "cs": "vytvořeno",
            "en": "created"
        },
        "pimHumanDescription": {},
        "pimEnd": [
            "https://ofn.gov.cz/association-end/1710509563833-f9ab-54e2-a33c",
            "https://ofn.gov.cz/association-end/1710509563833-2b53-cac4-872c"
        ],
        "pimIsOriented": true
    },
    "https://ofn.gov.cz/association-end/1710509563833-f9ab-54e2-a33c": {
        "types": [
            "https://ofn.gov.cz/slovník/pim/AssociationEnd"
        ],
        "iri": "https://ofn.gov.cz/association-end/1710509563833-f9ab-54e2-a33c",
        "pimInterpretation": null,
        "pimTechnicalLabel": null,
        "pimHumanLabel": null,
        "pimHumanDescription": null,
        "pimPart": "https://ofn.gov.cz/class/1710508882671-fde0-4e61-8369",
        "pimCardinalityMin": null,
        "pimCardinalityMax": null
    },
    "https://ofn.gov.cz/association-end/1710509563833-2b53-cac4-872c": {
        "types": [
            "https://ofn.gov.cz/slovník/pim/AssociationEnd"
        ],
        "iri": "https://ofn.gov.cz/association-end/1710509563833-2b53-cac4-872c",
        "pimInterpretation": null,
        "pimTechnicalLabel": null,
        "pimHumanLabel": null,
        "pimHumanDescription": null,
        "pimPart": "https://ofn.gov.cz/class/1710509563779-4ab0-4773-bde4",
        "pimCardinalityMin": null,
        "pimCardinalityMax": null
    },
    "https://ofn.gov.cz/attribute/1710509573508-120a-af94-859a": {
        "types": [
            "https://ofn.gov.cz/slovník/pim/Attribute"
        ],
        "iri": "https://ofn.gov.cz/attribute/1710509573508-120a-af94-859a",
        "pimInterpretation": "https://slovník.gov.cz/generický/čas/pojem/datum",
        "pimTechnicalLabel": null,
        "pimHumanLabel": {
            "cs": "datum",
            "en": "date"
        },
        "pimHumanDescription": {
            "en": "The date of the moment.",
            "cs": "Datum okamžiku."
        },
        "pimDatatype": null,
        "pimOwnerClass": "https://ofn.gov.cz/class/1710509563779-4ab0-4773-bde4",
        "pimCardinalityMin": 0,
        "pimCardinalityMax": 1,
        "pimRegex": null,
        "pimExample": null
    },
    "https://ofn.gov.cz/attribute/1710509573571-17f0-2136-89f2": {
        "types": [
            "https://ofn.gov.cz/slovník/pim/Attribute"
        ],
        "iri": "https://ofn.gov.cz/attribute/1710509573571-17f0-2136-89f2",
        "pimInterpretation": "https://slovník.gov.cz/generický/čas/pojem/datum-a-čas",
        "pimTechnicalLabel": null,
        "pimHumanLabel": {
            "en": "date and time",
            "cs": "datum a čas"
        },
        "pimHumanDescription": {
            "en": "The moment's start date and time.",
            "cs": "Datum a čas začátku okamžiku."
        },
        "pimDatatype": null,
        "pimOwnerClass": "https://ofn.gov.cz/class/1710509563779-4ab0-4773-bde4",
        "pimCardinalityMin": 0,
        "pimCardinalityMax": 1,
        "pimRegex": null,
        "pimExample": null
    },
    "https://ofn.gov.cz/attribute/1712486311659-fa1f-891f-923b": {
        "types": [
            "https://ofn.gov.cz/slovník/pim/Attribute"
        ],
        "iri": "https://ofn.gov.cz/attribute/1712486311659-fa1f-891f-923b",
        "pimInterpretation": "https://slovník.gov.cz/generický/věda-a-výzkum/pojem/doporučovaná-pracoviště-obecně",
        "pimTechnicalLabel": null,
        "pimHumanLabel": {
            "en": "recommended workplaces in general",
            "cs": "doporučovaná pracoviště obecně"
        },
        "pimHumanDescription": {
            "cs": "Fakulty či ústavy, případně jejich součásti, na kterých by případná práce mohla být realizována. Je relevantní zejména v případech, kdy návrh tématu vypisuje jiná instituce než VŠ (např. ústav AV ČR, firma, ve které se provádí aplikovaný výzkum) a odvíjí se typicky od oboru dané práce. Jde zejména o obecné vymezení skupiny pracovišť.",
            "en": "Faculties or institutes, or their parts, where possible work could be carried out. It is particularly relevant in cases where the proposal of the topic is drawn up by an institution other than the University (e.g. an institute of the Academy of Sciences of the Czech Republic, a company in which applied research is carried out) and typically depends on the field of work in question. It is mainly a general definition of a group of workplaces."
        },
        "pimDatatype": "https://ofn.gov.cz/zdroj/základní-datové-typy/2020-07-01/text",
        "pimLanguageStringRequiredLanguages": [],
        "pimOwnerClass": "https://ofn.gov.cz/class/1710508348372-234b-b83c-8f19",
        "pimCardinalityMin": null,
        "pimCardinalityMax": null,
        "pimRegex": null,
        "pimExample": null
    },
    "https://ofn.gov.cz/class/1712486484967-f29c-b3a4-9db2": {
        "types": [
            "https://ofn.gov.cz/slovník/pim/Class"
        ],
        "iri": "https://ofn.gov.cz/class/1712486484967-f29c-b3a4-9db2",
        "pimInterpretation": "https://slovník.gov.cz/legislativní/sbírka/89/2012/pojem/podnikatel",
        "pimTechnicalLabel": null,
        "pimHumanLabel": {
            "en": "Entrepreneur",
            "cs": "Podnikatel"
        },
        "pimHumanDescription": {},
        "pimExtends": [],
        "pimIsCodelist": false,
        "pimCodelistUrl": [],
        "pimRegex": null,
        "pimExample": null,
        "pimObjectExample": null
    },
    "https://ofn.gov.cz/class/1712486551393-c1b0-5174-af9e": {
        "types": [
            "https://ofn.gov.cz/slovník/pim/Class"
        ],
        "iri": "https://ofn.gov.cz/class/1712486551393-c1b0-5174-af9e",
        "pimInterpretation": "https://slovník.gov.cz/generický/lidé/pojem/člověk",
        "pimTechnicalLabel": null,
        "pimHumanLabel": {
            "cs": "Člověk",
            "en": "Man"
        },
        "pimHumanDescription": {
            "en": "Individual",
            "cs": "Fyzická osoba"
        },
        "pimExtends": [],
        "pimIsCodelist": false,
        "pimCodelistUrl": [],
        "pimRegex": null,
        "pimExample": null,
        "pimObjectExample": null
    },
    "https://ofn.gov.cz/association/1712486551444-e567-e487-b56d": {
        "types": [
            "https://ofn.gov.cz/slovník/pim/Association"
        ],
        "iri": "https://ofn.gov.cz/association/1712486551444-e567-e487-b56d",
        "pimInterpretation": "https://slovník.gov.cz/generický/věda-a-výzkum/pojem/má-konzultanta",
        "pimTechnicalLabel": null,
        "pimHumanLabel": {
            "en": "has a consultant",
            "cs": "má konzultanta"
        },
        "pimHumanDescription": {
            "en": "consultant proposed for the given topic, i.e. another expert outside the supervisor who is ready to provide consultation to the doctoral student regarding his dissertation.",
            "cs": "Konzultant navrhovaný pro dané téma, tj. další odborník mimo školitele, který je připraven doktorandovi poskytovat konzultace ohledně jeho dizertační práce."
        },
        "pimEnd": [
            "https://ofn.gov.cz/association-end/1712486551444-3414-2551-bee7",
            "https://ofn.gov.cz/association-end/1712486551444-cea6-e785-93e8"
        ],
        "pimIsOriented": true
    },
    "https://ofn.gov.cz/association-end/1712486551444-3414-2551-bee7": {
        "types": [
            "https://ofn.gov.cz/slovník/pim/AssociationEnd"
        ],
        "iri": "https://ofn.gov.cz/association-end/1712486551444-3414-2551-bee7",
        "pimInterpretation": null,
        "pimTechnicalLabel": null,
        "pimHumanLabel": null,
        "pimHumanDescription": null,
        "pimPart": "https://ofn.gov.cz/class/1710508348372-234b-b83c-8f19",
        "pimCardinalityMin": null,
        "pimCardinalityMax": null
    },
    "https://ofn.gov.cz/association-end/1712486551444-cea6-e785-93e8": {
        "types": [
            "https://ofn.gov.cz/slovník/pim/AssociationEnd"
        ],
        "iri": "https://ofn.gov.cz/association-end/1712486551444-cea6-e785-93e8",
        "pimInterpretation": null,
        "pimTechnicalLabel": null,
        "pimHumanLabel": null,
        "pimHumanDescription": null,
        "pimPart": "https://ofn.gov.cz/class/1712486551393-c1b0-5174-af9e",
        "pimCardinalityMin": null,
        "pimCardinalityMax": null
    },
    "https://ofn.gov.cz/attribute/1712486581732-bb88-671c-aea0": {
        "types": [
            "https://ofn.gov.cz/slovník/pim/Attribute"
        ],
        "iri": "https://ofn.gov.cz/attribute/1712486581732-bb88-671c-aea0",
        "pimInterpretation": "https://slovník.gov.cz/generický/lidé/pojem/celé-jméno",
        "pimTechnicalLabel": null,
        "pimHumanLabel": {
            "cs": "celé jméno",
            "en": "full name"
        },
        "pimHumanDescription": {
            "en": "Full name and any titles as a single string.",
            "cs": "Celé jméno a případné tituly jako jeden řetězec."
        },
        "pimDatatype": "https://ofn.gov.cz/zdroj/základní-datové-typy/2020-07-01/text",
        "pimLanguageStringRequiredLanguages": [],
        "pimOwnerClass": "https://ofn.gov.cz/class/1712486551393-c1b0-5174-af9e",
        "pimCardinalityMin": null,
        "pimCardinalityMax": null,
        "pimRegex": null,
        "pimExample": null
    },
    "https://ofn.gov.cz/attribute/1712486581790-6160-f699-82ee": {
        "types": [
            "https://ofn.gov.cz/slovník/pim/Attribute"
        ],
        "iri": "https://ofn.gov.cz/attribute/1712486581790-6160-f699-82ee",
        "pimInterpretation": "https://slovník.gov.cz/generický/lidé/pojem/tituly-před-jménem",
        "pimTechnicalLabel": null,
        "pimHumanLabel": {
            "cs": "tituly před jménem",
            "en": "titles before name"
        },
        "pimHumanDescription": {
            "cs": "Akademické či jiné tituly psané před jménem.",
            "en": "Academic or other titles written before the name."
        },
        "pimDatatype": "https://ofn.gov.cz/zdroj/základní-datové-typy/2020-07-01/řetězec",
        "pimLanguageStringRequiredLanguages": null,
        "pimOwnerClass": "https://ofn.gov.cz/class/1712486551393-c1b0-5174-af9e",
        "pimCardinalityMin": null,
        "pimCardinalityMax": null,
        "pimRegex": null,
        "pimExample": null
    },
    "https://ofn.gov.cz/attribute/1712486581844-89d6-b90f-a505": {
        "types": [
            "https://ofn.gov.cz/slovník/pim/Attribute"
        ],
        "iri": "https://ofn.gov.cz/attribute/1712486581844-89d6-b90f-a505",
        "pimInterpretation": "https://slovník.gov.cz/generický/lidé/pojem/tituly-za-jménem",
        "pimTechnicalLabel": null,
        "pimHumanLabel": {
            "en": "titles after name",
            "cs": "tituly za jménem"
        },
        "pimHumanDescription": {
            "en": "Academic or other titles written after the name.",
            "cs": "Akademické či jiné tituly psané za jménem."
        },
        "pimDatatype": "https://ofn.gov.cz/zdroj/základní-datové-typy/2020-07-01/řetězec",
        "pimLanguageStringRequiredLanguages": null,
        "pimOwnerClass": "https://ofn.gov.cz/class/1712486551393-c1b0-5174-af9e",
        "pimCardinalityMin": null,
        "pimCardinalityMax": null,
        "pimRegex": null,
        "pimExample": null
    },
    "https://ofn.gov.cz/class/1712492266336-cacf-2204-8353": {
        "types": [
            "https://ofn.gov.cz/slovník/pim/Class"
        ],
        "iri": "https://ofn.gov.cz/class/1712492266336-cacf-2204-8353",
        "pimInterpretation": "https://slovník.gov.cz/generický/věda-a-výzkum/pojem/výzkumné-pracoviště",
        "pimTechnicalLabel": null,
        "pimHumanLabel": {
            "cs": "Výzkumné pracoviště",
            "en": "Research workplace"
        },
        "pimHumanDescription": {},
        "pimExtends": [],
        "pimIsCodelist": false,
        "pimCodelistUrl": [],
        "pimRegex": null,
        "pimExample": null,
        "pimObjectExample": null
    },
    "https://ofn.gov.cz/association/1712492266429-1b86-ecbf-9466": {
        "types": [
            "https://ofn.gov.cz/slovník/pim/Association"
        ],
        "iri": "https://ofn.gov.cz/association/1712492266429-1b86-ecbf-9466",
        "pimInterpretation": "https://slovník.gov.cz/generický/věda-a-výzkum/pojem/má-konkrétní-doporučované-pracoviště",
        "pimTechnicalLabel": null,
        "pimHumanLabel": {
            "en": "has a specific recommended workplace",
            "cs": "má konkrétní doporučované pracoviště"
        },
        "pimHumanDescription": {
            "cs": "Konkrétní doporučované pracoviště, které se dá idenfikovat, na kterém by mohlo být dané téma dizertace zpracováváno.",
            "en": "A specific recommended workplace that can be identified, where the given topic of the dissertation could be processed."
        },
        "pimEnd": [
            "https://ofn.gov.cz/association-end/1712492266429-6041-02fd-acca",
            "https://ofn.gov.cz/association-end/1712492266429-91a5-318f-b77f"
        ],
        "pimIsOriented": true
    },
    "https://ofn.gov.cz/association-end/1712492266429-6041-02fd-acca": {
        "types": [
            "https://ofn.gov.cz/slovník/pim/AssociationEnd"
        ],
        "iri": "https://ofn.gov.cz/association-end/1712492266429-6041-02fd-acca",
        "pimInterpretation": null,
        "pimTechnicalLabel": null,
        "pimHumanLabel": null,
        "pimHumanDescription": null,
        "pimPart": "https://ofn.gov.cz/class/1710508348372-234b-b83c-8f19",
        "pimCardinalityMin": null,
        "pimCardinalityMax": null
    },
    "https://ofn.gov.cz/association-end/1712492266429-91a5-318f-b77f": {
        "types": [
            "https://ofn.gov.cz/slovník/pim/AssociationEnd"
        ],
        "iri": "https://ofn.gov.cz/association-end/1712492266429-91a5-318f-b77f",
        "pimInterpretation": null,
        "pimTechnicalLabel": null,
        "pimHumanLabel": null,
        "pimHumanDescription": null,
        "pimPart": "https://ofn.gov.cz/class/1712492266336-cacf-2204-8353",
        "pimCardinalityMin": null,
        "pimCardinalityMax": null
    },
    "https://ofn.gov.cz/attribute/1712492289018-78a7-d06e-9c40": {
        "types": [
            "https://ofn.gov.cz/slovník/pim/Attribute"
        ],
        "iri": "https://ofn.gov.cz/attribute/1712492289018-78a7-d06e-9c40",
        "pimInterpretation": "https://slovník.gov.cz/generický/věda-a-výzkum/pojem/orjk",
        "pimTechnicalLabel": null,
        "pimHumanLabel": {
            "en": "orjk",
            "cs": "orjk"
        },
        "pimHumanDescription": {
            "en": "The code of the organizational unit (ORJK), which is used, for example, in the Information System of Research, Experimental Development and Innovation (ISVaV) and in the statistics of the Ministry of Education and Culture. It is used to identify units that do not have an ID number, e.g. faculties within the university.",
            "cs": "Kód organizační jednotky (ORJK), který se využívá např. v Informačním systém výzkumu, experimentálního vývoje a inovací (ISVaV) a ve statistikách MŠMT. Používá se pro identifikaci jednotek, které nemají IČO, např. fakulty v rámci univerzity."
        },
        "pimDatatype": null,
        "pimLanguageStringRequiredLanguages": [],
        "pimOwnerClass": "https://ofn.gov.cz/class/1712492266336-cacf-2204-8353",
        "pimCardinalityMin": null,
        "pimCardinalityMax": null,
        "pimRegex": null,
        "pimExample": null
    },
    "https://ofn.gov.cz/schema/1712492229576-785c-b4ee-99cc": {
        "types": [
            "https://ofn.gov.cz/slovník/psm/Schema"
        ],
        "iri": "https://ofn.gov.cz/schema/1712492229576-785c-b4ee-99cc",
        "dataPsmHumanLabel": {
            "cs": "Téma dizertační práce",
            "en": "Dissertation topic"
        },
        "dataPsmHumanDescription": {
            "cs": "Datová struktura pro Téma dizertační práce. Vypsané téma pro dizertační práci, ke kterému se může přihlásit zájemce o doktorské studium.",
            "en": "Data structure for Dissertation topic. Listed topic for a dissertation, to which a candidate for doctoral studies can apply."
        },
        "dataPsmTechnicalLabel": null,
        "dataPsmRoots": [
            "https://ofn.gov.cz/class/1712492237515-b215-7b46-8d37"
        ],
        "dataPsmParts": [
            "https://ofn.gov.cz/class/1712492237515-b215-7b46-8d37",
            "https://ofn.gov.cz/attribute/1712492265754-6a91-4ce8-be76",
            "https://ofn.gov.cz/attribute/1712492265872-0f2a-1b3f-9c68",
            "https://ofn.gov.cz/attribute/1712492265999-0df2-2c6b-8298",
            "https://ofn.gov.cz/class/1712492266135-9afb-0bff-a173",
            "https://ofn.gov.cz/association/1712492266195-d611-c69c-a0bb",
            "https://ofn.gov.cz/class/1712492266336-6d1b-2eea-b100",
            "https://ofn.gov.cz/association/1712492266429-5b3a-8af8-8c96",
            "https://ofn.gov.cz/attribute/1712492276781-991b-fcfd-8dd6",
            "https://ofn.gov.cz/attribute/1712492289019-ea3e-9771-be19"
        ]
    },
    "https://ofn.gov.cz/class/1712492237515-b215-7b46-8d37": {
        "types": [
            "https://ofn.gov.cz/slovník/psm/Class"
        ],
        "iri": "https://ofn.gov.cz/class/1712492237515-b215-7b46-8d37",
        "dataPsmHumanLabel": null,
        "dataPsmHumanDescription": null,
        "dataPsmTechnicalLabel": "dissertation_topic",
        "dataPsmInterpretation": "https://ofn.gov.cz/class/1710508348372-234b-b83c-8f19",
        "dataPsmExtends": [],
        "dataPsmParts": [
            "https://ofn.gov.cz/attribute/1712492265754-6a91-4ce8-be76",
            "https://ofn.gov.cz/attribute/1712492265872-0f2a-1b3f-9c68",
            "https://ofn.gov.cz/attribute/1712492265999-0df2-2c6b-8298",
            "https://ofn.gov.cz/association/1712492266195-d611-c69c-a0bb",
            "https://ofn.gov.cz/association/1712492266429-5b3a-8af8-8c96"
        ],
        "dataPsmIsClosed": null
    },
    "https://ofn.gov.cz/attribute/1712492265754-6a91-4ce8-be76": {
        "types": [
            "https://ofn.gov.cz/slovník/psm/Attribute"
        ],
        "iri": "https://ofn.gov.cz/attribute/1712492265754-6a91-4ce8-be76",
        "dataPsmHumanLabel": null,
        "dataPsmHumanDescription": null,
        "dataPsmTechnicalLabel": "currently_offered",
        "dataPsmInterpretation": "https://ofn.gov.cz/attribute/1710508999135-f82c-3e3a-8695",
        "dataPsmDatatype": "https://ofn.gov.cz/zdroj/základní-datové-typy/2020-07-01/boolean"
    },
    "https://ofn.gov.cz/attribute/1712492265872-0f2a-1b3f-9c68": {
        "types": [
            "https://ofn.gov.cz/slovník/psm/Attribute"
        ],
        "iri": "https://ofn.gov.cz/attribute/1712492265872-0f2a-1b3f-9c68",
        "dataPsmHumanLabel": null,
        "dataPsmHumanDescription": null,
        "dataPsmTechnicalLabel": "recommended_workplaces_in_general",
        "dataPsmInterpretation": "https://ofn.gov.cz/attribute/1712486311659-fa1f-891f-923b",
        "dataPsmDatatype": "https://ofn.gov.cz/zdroj/základní-datové-typy/2020-07-01/text"
    },
    "https://ofn.gov.cz/attribute/1712492265999-0df2-2c6b-8298": {
        "types": [
            "https://ofn.gov.cz/slovník/psm/Attribute"
        ],
        "iri": "https://ofn.gov.cz/attribute/1712492265999-0df2-2c6b-8298",
        "dataPsmHumanLabel": null,
        "dataPsmHumanDescription": null,
        "dataPsmTechnicalLabel": "the_context_of_the_dissertation_topic",
        "dataPsmInterpretation": "https://ofn.gov.cz/attribute/1710508999198-a416-6784-a391",
        "dataPsmDatatype": "https://ofn.gov.cz/zdroj/základní-datové-typy/2020-07-01/text"
    },
    "https://ofn.gov.cz/class/1712492266135-9afb-0bff-a173": {
        "types": [
            "https://ofn.gov.cz/slovník/psm/Class"
        ],
        "iri": "https://ofn.gov.cz/class/1712492266135-9afb-0bff-a173",
        "dataPsmHumanLabel": null,
        "dataPsmHumanDescription": null,
        "dataPsmTechnicalLabel": "study_program",
        "dataPsmInterpretation": "https://ofn.gov.cz/class/1710508333704-b3b7-a6ca-8eb5",
        "dataPsmExtends": [],
        "dataPsmParts": [
            "https://ofn.gov.cz/attribute/1712492276781-991b-fcfd-8dd6"
        ],
        "dataPsmIsClosed": null
    },
    "https://ofn.gov.cz/association/1712492266195-d611-c69c-a0bb": {
        "types": [
            "https://ofn.gov.cz/slovník/psm/AssociationEnd"
        ],
        "iri": "https://ofn.gov.cz/association/1712492266195-d611-c69c-a0bb",
        "dataPsmHumanLabel": null,
        "dataPsmHumanDescription": null,
        "dataPsmTechnicalLabel": "has_a_study_program",
        "dataPsmInterpretation": "https://ofn.gov.cz/association-end/1710508348434-f79b-3fdf-9857",
        "dataPsmPart": "https://ofn.gov.cz/class/1712492266135-9afb-0bff-a173",
        "dataPsmIsDematerialize": null
    },
    "https://ofn.gov.cz/class/1712492266336-6d1b-2eea-b100": {
        "types": [
            "https://ofn.gov.cz/slovník/psm/Class"
        ],
        "iri": "https://ofn.gov.cz/class/1712492266336-6d1b-2eea-b100",
        "dataPsmHumanLabel": null,
        "dataPsmHumanDescription": null,
        "dataPsmTechnicalLabel": "research_workplace",
        "dataPsmInterpretation": "https://ofn.gov.cz/class/1712492266336-cacf-2204-8353",
        "dataPsmExtends": [],
        "dataPsmParts": [
            "https://ofn.gov.cz/attribute/1712492289019-ea3e-9771-be19"
        ],
        "dataPsmIsClosed": null
    },
    "https://ofn.gov.cz/association/1712492266429-5b3a-8af8-8c96": {
        "types": [
            "https://ofn.gov.cz/slovník/psm/AssociationEnd"
        ],
        "iri": "https://ofn.gov.cz/association/1712492266429-5b3a-8af8-8c96",
        "dataPsmHumanLabel": null,
        "dataPsmHumanDescription": null,
        "dataPsmTechnicalLabel": "has_a_specific_recommended_workplace",
        "dataPsmInterpretation": "https://ofn.gov.cz/association-end/1712492266429-91a5-318f-b77f",
        "dataPsmPart": "https://ofn.gov.cz/class/1712492266336-6d1b-2eea-b100",
        "dataPsmIsDematerialize": null
    },
    "https://ofn.gov.cz/attribute/1712492276781-991b-fcfd-8dd6": {
        "types": [
            "https://ofn.gov.cz/slovník/psm/Attribute"
        ],
        "iri": "https://ofn.gov.cz/attribute/1712492276781-991b-fcfd-8dd6",
        "dataPsmHumanLabel": null,
        "dataPsmHumanDescription": null,
        "dataPsmTechnicalLabel": "code",
        "dataPsmInterpretation": "https://ofn.gov.cz/attribute/1710508348302-d901-b5e6-b91a",
        "dataPsmDatatype": "https://ofn.gov.cz/zdroj/základní-datové-typy/2020-07-01/řetězec"
    },
    "https://ofn.gov.cz/attribute/1712492289019-ea3e-9771-be19": {
        "types": [
            "https://ofn.gov.cz/slovník/psm/Attribute"
        ],
        "iri": "https://ofn.gov.cz/attribute/1712492289019-ea3e-9771-be19",
        "dataPsmHumanLabel": null,
        "dataPsmHumanDescription": null,
        "dataPsmTechnicalLabel": "orjk",
        "dataPsmInterpretation": "https://ofn.gov.cz/attribute/1712492289018-78a7-d06e-9c40",
        "dataPsmDatatype": null
    }
}