{
    "@context": [
        "http://www.w3.org/ns/csvw",
        {
            "@language": "cs"
        }
    ],
    "@id": "https://ofn.gov.cz/schema/1712492229576-785c-b4ee-99cc/table.csv-metadata.json",
    "@type": "Table",
    "url": "table.csv",
    "tableSchema": {
        "@type": "Schema",
        "columns": [
            {
                "@type": "Column",
                "name": "currently_offered",
                "titles": "currently_offered",
                "dc:title": [
                    {
                        "@value": "aktuálně nabízeno",
                        "@language": "cs"
                    },
                    {
                        "@value": "currently offered",
                        "@language": "en"
                    }
                ],
                "dc:description": [
                    {
                        "@value": "Indicates whether the topic is currently offered for enrollment.",
                        "@language": "en"
                    },
                    {
                        "@value": "Indikuje, zda je téma aktuálně nabízeno k zápisu.",
                        "@language": "cs"
                    }
                ],
                "propertyUrl": "https://slovník.gov.cz/generický/věda-a-výzkum/pojem/aktuálně-nabízeno",
                "datatype": "boolean"
            },
            {
                "@type": "Column",
                "name": "recommended_workplaces_in_general",
                "titles": "recommended_workplaces_in_general",
                "dc:title": [
                    {
                        "@value": "recommended workplaces in general",
                        "@language": "en"
                    },
                    {
                        "@value": "doporučovaná pracoviště obecně",
                        "@language": "cs"
                    }
                ],
                "dc:description": [
                    {
                        "@value": "Fakulty či ústavy, případně jejich součásti, na kterých by případná práce mohla být realizována. Je relevantní zejména v případech, kdy návrh tématu vypisuje jiná instituce než VŠ (např. ústav AV ČR, firma, ve které se provádí aplikovaný výzkum) a odvíjí se typicky od oboru dané práce. Jde zejména o obecné vymezení skupiny pracovišť.",
                        "@language": "cs"
                    },
                    {
                        "@value": "Faculties or institutes, or their parts, where possible work could be carried out. It is particularly relevant in cases where the proposal of the topic is drawn up by an institution other than the University (e.g. an institute of the Academy of Sciences of the Czech Republic, a company in which applied research is carried out) and typically depends on the field of work in question. It is mainly a general definition of a group of workplaces.",
                        "@language": "en"
                    }
                ],
                "propertyUrl": "https://slovník.gov.cz/generický/věda-a-výzkum/pojem/doporučovaná-pracoviště-obecně",
                "datatype": "string",
                "lang": "cs"
            },
            {
                "@type": "Column",
                "name": "the_context_of_the_dissertation_topic",
                "titles": "the_context_of_the_dissertation_topic",
                "dc:title": [
                    {
                        "@value": "the context of the dissertation topic",
                        "@language": "en"
                    },
                    {
                        "@value": "kontext tématu dizertační práce",
                        "@language": "cs"
                    }
                ],
                "dc:description": [
                    {
                        "@value": "Popis kontextu, do kterého je téma dizertační práce zasazeno, např. souvislost s ostatními pracemi realizovanými na daném pracovišti či vedených dotyčným školitelem, souvislost se směřováním pracoviště, školitele aj.",
                        "@language": "cs"
                    },
                    {
                        "@value": "Description of the context in which the topic of the dissertation is placed, e.g. the connection with other work carried out at the given workplace or led by the supervisor in question, the connection with the direction of the workplace, the supervisor, etc.",
                        "@language": "en"
                    }
                ],
                "propertyUrl": "https://slovník.gov.cz/generický/věda-a-výzkum/pojem/kontext-tématu-dizertační-práce",
                "datatype": "string",
                "lang": "cs"
            },
            {
                "@type": "Column",
                "name": "has_a_study_program_code",
                "titles": "has_a_study_program_code",
                "dc:title": [
                    {
                        "@value": "code",
                        "@language": "en"
                    },
                    {
                        "@value": "kód",
                        "@language": "cs"
                    }
                ],
                "dc:description": [
                    {
                        "@value": "Study program code according to the ISCED-F 2013 third level classification.",
                        "@language": "en"
                    },
                    {
                        "@value": "Kód studijního programu dle klasifikace ISCED-F 2013 třetí úrovně.",
                        "@language": "cs"
                    }
                ],
                "propertyUrl": "https://slovník.gov.cz/datový/školství/pojem/kód",
                "datatype": "string"
            },
            {
                "@type": "Column",
                "name": "has_a_specific_recommended_workplace_orjk",
                "titles": "has_a_specific_recommended_workplace_orjk",
                "dc:title": [
                    {
                        "@value": "orjk",
                        "@language": "en"
                    },
                    {
                        "@value": "orjk",
                        "@language": "cs"
                    }
                ],
                "dc:description": [
                    {
                        "@value": "The code of the organizational unit (ORJK), which is used, for example, in the Information System of Research, Experimental Development and Innovation (ISVaV) and in the statistics of the Ministry of Education and Culture. It is used to identify units that do not have an ID number, e.g. faculties within the university.",
                        "@language": "en"
                    },
                    {
                        "@value": "Kód organizační jednotky (ORJK), který se využívá např. v Informačním systém výzkumu, experimentálního vývoje a inovací (ISVaV) a ve statistikách MŠMT. Používá se pro identifikaci jednotek, které nemají IČO, např. fakulty v rámci univerzity.",
                        "@language": "cs"
                    }
                ],
                "propertyUrl": "https://slovník.gov.cz/generický/věda-a-výzkum/pojem/orjk"
            },
            {
                "@type": "Column",
                "propertyUrl": "rdf:type",
                "valueUrl": "https://slovník.gov.cz/generický/věda-a-výzkum/pojem/téma-dizertační-práce",
                "virtual": true
            }
        ]
    }
}