{
  "$schema": "https://json-schema.org/draft/2020-12/schema",
  "$id": "/nguyen-example/schema.json",
  "title": "Téma dizertační práce",
  "description": "b44_b19969",
  "type": "object",
  "required": [
    "id",
    "type"
  ],
  "properties": {
    "id": {
      "type": "string",
      "format": "iri"
    },
    "type": {
      "oneOf": [
        {
          "const": "Téma dizertační práce"
        },
        {
          "type": "array",
          "contains": {
            "const": "Téma dizertační práce"
          },
          "items": {
            "type": "string"
          }
        }
      ]
    },
    "currently_offered": {
      "title": "aktuálně nabízeno",
      "description": "Indikuje, zda je téma aktuálně nabízeno k zápisu.",
      "type": "array",
      "items": {
        "title": "Booleovská hodnota - Ano či ne",
        "type": "boolean"
      }
    },
    "recommended_workplaces_in_general": {
      "title": "doporučovaná pracoviště obecně",
      "description": "Fakulty či ústavy, případně jejich součásti, na kterých by případná práce mohla být realizována. Je relevantní zejména v případech, kdy návrh tématu vypisuje jiná instituce než VŠ (např. ústav AV ČR, firma, ve které se provádí aplikovaný výzkum) a odvíjí se typicky od oboru dané práce. Jde zejména o obecné vymezení skupiny pracovišť.",
      "type": "array",
      "items": {
        "title": "Text",
        "type": "object",
        "required": [

        ],
        "properties": {
          "cs": {
            "title": "Hodnota v českém jazyce",
            "type": "string"
          },
          "en": {
            "title": "Hodnota v anglickém jazyce",
            "type": "string"
          }
        }
      }
    },
    "the_context_of_the_dissertation_topic": {
      "title": "kontext tématu dizertační práce",
      "description": "Popis kontextu, do kterého je téma dizertační práce zasazeno, např. souvislost s ostatními pracemi realizovanými na daném pracovišti či vedených dotyčným školitelem, souvislost se směřováním pracoviště, školitele aj.",
      "type": "array",
      "items": {
        "title": "Text",
        "type": "object",
        "required": [

        ],
        "properties": {
          "cs": {
            "title": "Hodnota v českém jazyce",
            "type": "string"
          },
          "en": {
            "title": "Hodnota v anglickém jazyce",
            "type": "string"
          }
        }
      }
    },
    "has_a_study_program": {
      "title": "má studijní program",
      "description": "Studijní program, do kterého téma dizertační práce spadá, dle standardu International Standard Classification of Education (ISCED).",
      "type": "array",
      "items": {
        "title": "Studijní program",
        "description": "Studijní program na vysoké škole dle standardu International Standard Classification of Education (ISCED).",
        "type": "object",
        "required": [
          "id",
          "type"
        ],
        "properties": {
          "id": {
            "type": "string",
            "format": "iri"
          },
          "type": {
            "oneOf": [
              {
                "const": "Studijní program"
              },
              {
                "type": "array",
                "contains": {
                  "const": "Studijní program"
                },
                "items": {
                  "type": "string"
                }
              }
            ]
          },
          "code": {
            "title": "kód",
            "description": "Kód studijního programu dle klasifikace ISCED-F 2013 třetí úrovně.",
            "type": "array",
            "items": {
              "title": "Řetězec",
              "type": "string"
            }
          }
        }
      }
    },
    "has_a_specific_recommended_workplace": {
      "title": "má konkrétní doporučované pracoviště",
      "description": "Konkrétní doporučované pracoviště, které se dá idenfikovat, na kterém by mohlo být dané téma dizertace zpracováváno.",
      "type": "array",
      "items": {
        "title": "Výzkumné pracoviště",
        "type": "object",
        "required": [
          "id",
          "type"
        ],
        "properties": {
          "id": {
            "type": "string",
            "format": "iri"
          },
          "type": {
            "oneOf": [
              {
                "const": "Výzkumné pracoviště"
              },
              {
                "type": "array",
                "contains": {
                  "const": "Výzkumné pracoviště"
                },
                "items": {
                  "type": "string"
                }
              }
            ]
          },
          "orjk": {
            "title": "orjk",
            "description": "Kód organizační jednotky (ORJK), který se využívá např. v Informačním systém výzkumu, experimentálního vývoje a inovací (ISVaV) a ve statistikách MŠMT. Používá se pro identifikaci jednotek, které nemají IČO, např. fakulty v rámci univerzity.",
            "type": "array",
            "items": {
              "type": "string"
            }
          }
        }
      }
    }
  }
}